season,winning_team,winning_score,losing_team,losing_score,Winning_field_goal_percent,Winning_3_percent,Winning_free_throw_percent,Winning_total_rebounds,Winning_assists,Winning_turnovers,Winning_steals,Losing_field_goal_percent,Losing_3_percent,Losing_free_throw_percent,Losing_total_rebounds,Losing_assists,Losing_turnover,Losing_steals
2003,Kansas,108,Arizona St,76,67.8,55.56,67.65,40,21,13,6,40.58,26.67,69.57,31,11,11,7
2003,Marquette,101,Missouri,92,56.45,66.67,95,33,18,12,6,43.06,41.67,78.95,38,19,12,4
2003,Arizona,96,Gonzaga,95,45.95,29.17,72.41,47,18,9,7,44.16,36.67,76.19,43,20,11,5
2003,Kentucky,95,IUPUI,64,61.54,50,45.45,35,22,13,7,36.67,26.67,72.73,33,10,19,7
2003,Syracuse,95,Texas,84,57.14,53.85,77.42,37,14,13,9,42.86,47.62,62.5,34,20,14,6
2003,Kansas,94,Marquette,61,53.52,42.11,58.82,52,22,12,8,31.08,18.75,66.67,39,7,11,7
2003,UNC Asheville,92,TX Southern,84,46.38,37.93,65.38,44,17,12,5,43.28,38.71,45.16,45,16,15,5
2003,Arizona,88,Notre Dame,71,47.37,50,81.82,44,19,10,12,42.37,43.48,61.11,36,15,19,6
2003,Pittsburgh,87,Wagner,61,55.93,56.25,57.14,33,22,9,14,41.18,33.33,66.67,29,13,19,6
2003,Duke,86,C Michigan,60,61.54,66.67,75,27,14,11,15,36.84,47.06,71.43,33,8,21,4
2003,Louisville,86,Austin Peay,64,50,33.33,61.54,44,18,12,12,44.44,9.52,63.64,29,11,18,5
2003,Connecticut,85,Stanford,74,45.59,60,80.95,43,12,9,4,43.55,34.78,70.59,33,12,11,2
2003,Florida,85,Sam Houston St,55,52.46,46.43,57.14,40,24,10,6,33.33,33.33,61.11,37,10,16,1
2003,Texas,85,Michigan St,76,49.02,42.86,76.32,28,16,4,6,46.3,50,69.23,38,11,12,1
2003,Arizona St,84,Memphis,71,52.54,42.86,72.73,37,18,9,7,36.23,25,66.67,42,11,12,2
2003,Tulsa,84,Dayton,71,57.89,66.67,76.92,34,18,12,6,42.42,32.14,66.67,28,11,11,3
2003,Marquette,83,Kentucky,69,56.36,52.63,73.33,36,21,15,6,39.06,25,62.5,36,14,11,10
2003,Texas,82,Connecticut,78,34.78,27.78,80.56,52,13,10,5,42.25,30.77,56,41,13,11,7
2003,Texas,82,UNC Asheville,61,50,37.5,70,47,15,14,6,37.1,23.81,83.33,29,5,11,9
2003,Syracuse,81,Kansas,78,47.62,61.11,58.82,36,13,17,10,43.66,20,40,52,18,18,9
2003,Wisconsin,81,Weber St,74,53.45,37.5,59.09,34,16,9,7,40.85,29.17,60,43,9,10,4
2003,Arizona,80,Vermont,51,46.97,30.43,78.57,47,22,16,10,31.25,25,100,34,12,17,10
2003,Purdue,80,LSU,56,51.92,56.25,89.47,33,7,19,9,33.33,23.08,58.82,35,7,16,7
2003,Butler,79,Louisville,71,51.92,63.64,57.89,28,21,12,6,51.85,44,100,27,13,14,8
2003,C Michigan,79,Creighton,73,54.72,42.86,72,31,15,18,13,45,41.18,70.59,31,20,21,6
2003,Michigan St,79,Colorado,64,46.43,53.85,80,38,16,11,5,43.33,35.71,41.18,35,9,13,6
2003,Syracuse,79,Auburn,78,43.94,35.71,76.19,36,14,10,9,42.86,45.45,82.35,40,15,17,5
2003,Kansas,78,Arizona,75,43.28,30.77,66.67,37,16,15,13,41.82,45.45,82.61,37,16,19,8
2003,Marquette,77,Pittsburgh,74,51.85,50,68.18,28,16,10,7,52.73,28.57,80,30,18,12,6
2003,Maryland,77,Xavier,64,51.72,23.08,82.35,39,19,8,2,35.09,38.89,70.83,28,12,7,2
2003,Oklahoma St,77,Penn,63,54,35,57.14,25,15,11,12,48.78,44.44,93.75,15,17,18,5
2003,Stanford,77,San Diego,69,45.31,33.33,73.33,41,16,14,4,32.79,22.22,78.12,42,7,11,3
2003,Texas,77,Purdue,67,40.32,45.45,84.62,40,8,13,4,37.1,31.25,66.67,35,10,13,7
2003,California,76,NC State,74,42.19,35,65.22,38,17,13,8,44.64,42.86,75,36,16,14,5
2003,Syracuse,76,Manhattan,65,57.69,36.36,80,39,16,18,5,36.07,28.57,83.33,28,16,11,9
2003,Wake Forest,76,ETSU,73,42.03,26.09,60,48,13,19,8,40,50,71.43,38,7,15,12
2003,Maryland,75,UNC Wilmington,73,50,52.63,73.33,35,17,13,3,36.36,44.83,76.92,29,16,8,7
2003,Gonzaga,74,Cincinnati,69,42.55,42.86,75.68,36,12,12,2,39.39,37.04,70,35,13,10,7
2003,Kentucky,74,Utah,54,47.27,30.77,100,35,11,13,4,39.58,28.57,75,22,8,16,7
2003,Oklahoma,74,California,65,50.98,53.85,62.5,36,16,12,2,51.92,31.25,50,24,6,9,5
2003,Pittsburgh,74,Indiana,52,53.19,44.44,71.43,31,15,11,9,43.18,35.29,80,20,13,16,3
2003,Marquette,72,Holy Cross,68,43.14,56.25,82.61,31,14,10,4,44.44,33.33,60,34,14,9,4
2003,Missouri,72,S Illinois,71,53.85,38.46,61.11,41,7,23,4,40,42.11,52.38,29,19,13,6
2003,Oklahoma,71,S Carolina St,54,46.15,55.56,54.17,35,16,14,8,40.38,30,75,29,8,18,7
2003,Xavier,71,Troy,59,40.62,30,72.22,47,19,10,5,35.38,37.93,33.33,33,13,9,6
2003,Notre Dame,70,WI Milwaukee,69,42.59,23.08,84,44,7,20,6,34.85,34.78,75,37,15,12,11
2003,Kansas,69,Duke,65,43.28,8.33,58.82,47,14,17,4,38.46,38.46,62.5,33,11,14,6
2003,Auburn,68,Wake Forest,62,42.86,21.05,80,33,11,14,9,36.73,34.78,85.71,35,5,18,7
2003,Michigan St,68,Florida,46,55.56,37.5,66.67,30,15,10,5,37.21,23.81,75,22,9,14,2
2003,Notre Dame,68,Illinois,60,40.98,54.17,100,37,12,11,5,34.92,29.41,68.75,41,12,9,6
2003,Syracuse,68,Oklahoma St,56,45.61,41.67,61.11,38,16,17,11,34.92,15.79,47.37,38,16,22,8
2003,Duke,67,Colorado St,57,35.19,30.77,80.65,40,4,16,10,33.33,27.27,81.82,35,8,19,5
2003,Indiana,67,Alabama,62,38.78,38.89,84.62,35,15,8,1,42.31,41.67,81.25,29,13,8,2
2003,Auburn,65,St Joseph's PA,63,43.86,38.89,61.54,38,11,15,4,37.29,25,81.25,36,11,12,8
2003,Illinois,65,WKU,60,42.86,35.71,85.71,38,15,14,11,37.93,33.33,61.54,35,10,14,6
2003,Oklahoma,65,Butler,54,49.09,40,58.33,39,15,13,6,44.19,30.77,70.59,21,10,13,7
2003,Kansas,64,Utah St,61,54.9,33.33,54.55,27,13,11,8,41.07,35.29,90,32,13,13,6
2003,Kentucky,63,Wisconsin,57,48.98,20,58.33,33,9,14,10,42.22,38.1,68.75,26,9,15,7
2003,Syracuse,63,Oklahoma,47,52.08,16.67,57.89,40,16,24,13,31.03,17.86,54.55,28,10,19,13
2003,Wisconsin,61,Tulsa,60,38.6,27.27,64.71,32,12,5,5,44.07,27.27,100,41,12,11,1
2003,Michigan St,60,Maryland,58,39.29,35.29,83.33,37,10,18,8,37.04,12.5,88.89,33,8,15,12
2003,Utah,60,Oregon,58,29.51,39.13,83.33,36,8,15,7,34.55,17.65,70.83,42,8,17,6
2003,Connecticut,58,BYU,53,32.69,28.57,74.07,41,8,14,3,31.25,11.76,84.62,41,11,11,8
2003,Butler,47,Mississippi St,46,38.3,27.78,75,26,5,8,3,36.36,28.57,57.14,30,10,10,6
2004,UAB,102,Washington,100,46.15,34.62,75,37,23,12,8,54.69,30,70.59,41,19,16,6
2004,Kansas,100,UAB,74,53.57,40,81.82,45,21,17,9,32.39,24.24,83.33,33,12,12,13
2004,Duke,96,Alabama St,61,48.48,34.62,74.19,46,19,14,14,38.6,35,58.82,31,7,21,7
2004,Kentucky,96,Florida A&M,76,56.45,39.29,65.22,42,23,17,8,45.45,36.67,41.67,29,13,17,13
2004,Illinois,92,Cincinnati,68,63.64,57.89,78.57,21,26,4,9,46.55,43.75,63.64,34,14,13,1
2004,Nevada,91,Gonzaga,72,46.88,47.06,79.31,43,18,8,4,37.33,13.64,72.22,39,9,10,4
2004,Duke,90,Seton Hall,62,54.17,36.36,89.47,40,16,10,3,42.11,17.65,68.75,22,11,10,4
2004,Xavier,89,Mississippi St,74,54.55,68.42,69.57,38,14,13,3,36.11,34.62,61.9,40,14,8,11
2004,Connecticut,87,Alabama,71,48.33,58.82,65.52,40,17,7,3,41.67,31.58,83.33,33,14,9,2
2004,Maryland,86,UTEP,83,49.15,44.44,64.52,37,17,14,7,51.79,29.41,83.33,29,13,14,2
2004,Mississippi St,85,Monmouth NJ,52,53.57,36.36,73.91,47,19,17,12,35.29,33.33,46.67,20,12,17,7
2004,St Joseph's PA,84,Wake Forest,80,50,50,60.87,30,15,11,8,52.94,50,72,28,15,15,6
2004,Wake Forest,84,Manhattan,80,50.88,40,75,37,15,10,5,46.03,35,75,32,15,8,5
2004,Connecticut,82,Georgia Tech,73,42.62,29.41,64.1,50,10,16,5,38.03,31.82,57.14,43,9,14,10
2004,St Joseph's PA,82,Liberty,63,45,34.78,71.43,36,16,14,15,43.14,30,72.22,36,15,26,7
2004,Alabama,80,Syracuse,71,50,40.91,82.61,27,22,9,11,47.27,35.71,70,35,12,18,5
2004,Cincinnati,80,ETSU,77,46.77,40.62,81.82,45,22,17,3,39.19,26.09,65,38,14,6,11
2004,Seton Hall,80,Arizona,76,46.55,36.36,75,33,12,10,6,52.83,45.45,78.95,29,12,14,4
2004,Syracuse,80,BYU,75,52.17,68.75,75,23,12,7,2,47.27,38.46,68.42,36,19,9,2
2004,Xavier,80,Louisville,70,50,50,86.21,39,15,15,6,39.68,31.25,76.92,26,18,10,7
2004,Connecticut,79,Duke,78,50,54.55,65.62,44,9,18,5,40.85,27.27,60.87,37,11,9,8
2004,Georgia Tech,79,Kansas,71,44.64,18.75,76.47,41,14,12,13,40,31.58,68.42,38,15,15,8
2004,Wake Forest,79,VA Commonwealth,78,51.85,37.5,62.96,32,16,11,7,50.88,55,69.23,27,17,17,7
2004,Xavier,79,Texas,71,39.66,32,71.43,39,13,7,6,41.94,43.75,70.59,35,12,8,1
2004,Kansas,78,IL Chicago,53,61.54,41.67,62.5,41,18,25,6,31.25,18.75,71.43,26,10,15,9
2004,Kansas,78,Pacific,63,48.33,33.33,71.43,40,17,13,11,42.59,30,73.33,27,19,14,6
2004,Texas,78,North Carolina,75,49.09,38.46,82.61,35,10,11,6,38.46,32.14,84.21,36,14,11,6
2004,DePaul,76,Dayton,69,40.68,38.46,57.5,49,13,11,4,34.18,15,52.17,50,11,10,5
2004,Gonzaga,76,Valparaiso,49,53.7,23.08,60,46,19,15,6,28.57,26.09,63.64,31,8,13,6
2004,Texas Tech,76,Charlotte,73,49.15,36.36,77.78,36,17,16,7,43.1,25,80.95,33,14,14,11
2004,UAB,76,Kentucky,75,44.78,44.44,61.54,33,19,12,9,44.26,35,77.78,41,13,16,4
2004,Wisconsin,76,Richmond,64,49.02,44.44,75,29,14,9,7,46.3,43.75,53.85,29,17,14,8
2004,Manhattan,75,Florida,60,43.33,40,80.95,36,10,10,8,46.67,23.08,68.18,26,4,14,4
2004,Oklahoma St,75,E Washington,56,54.55,33.33,81.25,37,15,15,12,35.59,15.79,84.62,27,19,14,8
2004,Vanderbilt,75,NC State,73,46.94,40,90.48,27,15,8,4,47.37,41.94,75,31,13,6,1
2004,Connecticut,73,Vanderbilt,53,52.94,35.29,86.67,44,14,18,6,35.09,33.33,62.5,21,11,11,8
2004,Connecticut,72,DePaul,55,43.33,31.25,65.22,44,15,5,5,33.9,33.33,76.92,35,12,8,1
2004,Duke,72,Illinois,62,54.9,33.33,66.67,29,19,13,10,40.62,30.77,54.55,36,17,12,5
2004,Florida A&M,72,Lehigh,57,39.68,30,69.57,44,11,12,8,29.51,23.33,73.68,42,12,17,7
2004,Georgia Tech,72,Nevada,67,42.86,33.33,54.55,49,10,16,9,31.88,25,75,45,5,11,4
2004,Illinois,72,Murray St,53,45,37.5,69.23,44,19,8,5,34.69,40,64.71,27,8,10,4
2004,Nevada,72,Michigan St,66,43.48,31.82,86.21,28,10,17,6,41.82,31.25,83.33,26,14,14,9
2004,Syracuse,72,Maryland,70,40,33.33,63.16,38,11,12,7,38.46,25,71.05,40,13,17,5
2004,Stanford,71,UT San Antonio,45,50,42.86,73.33,40,11,20,11,23.81,13.33,61.9,39,2,19,8
2004,Vanderbilt,71,W Michigan,58,56.52,57.89,44.44,33,16,17,9,34.92,10.53,75,36,10,12,13
2004,Alabama,70,Stanford,67,37.21,21.05,77.27,29,8,8,6,35.62,29.17,72.73,49,12,12,2
2004,Connecticut,70,Vermont,53,50,42.86,52.17,42,14,13,6,31.67,34.38,66.67,29,10,12,7
2004,Oklahoma St,70,Memphis,53,59.57,41.67,52.94,34,18,17,8,40,35.29,50,22,9,12,6
2004,St Joseph's PA,70,Texas Tech,65,47.37,38.71,80,31,13,13,4,47.17,25,85.71,29,16,9,7
2004,Georgia Tech,67,Oklahoma St,65,48.98,41.18,75,29,16,12,7,44,26.67,68,33,10,13,3
2004,Duke,66,Xavier,63,38.89,40,80,39,15,11,6,34.92,20,69.57,40,8,10,5
2004,Pacific,66,Providence,58,48,42.86,66.67,29,17,12,7,37.7,23.08,100,36,12,15,4
2004,Texas,66,Princeton,49,46,73.33,64.29,43,10,13,3,35.29,19.23,66.67,23,11,7,5
2004,Alabama,65,S Illinois,64,45.28,43.75,62.5,35,7,12,7,40.68,54.55,80,30,15,10,4
2004,Georgia Tech,65,Northern Iowa,60,45.45,33.33,75,37,10,12,4,38.89,37.04,80,28,15,10,2
2004,Oklahoma St,64,St Joseph's PA,62,47.17,23.53,66.67,42,13,13,2,38.6,30.77,76.92,24,15,5,8
2004,North Carolina,63,Air Force,52,41.51,30.77,83.33,35,12,13,10,43.59,32,76.92,21,15,16,7
2004,Oklahoma St,63,Pittsburgh,51,48.89,50,93.75,30,13,10,6,36.21,17.65,60,33,8,12,5
2004,NC State,61,ULL,52,36.73,29.41,83.33,37,10,15,5,32.65,22.73,65.22,32,9,15,9
2004,Memphis,59,South Carolina,43,38.98,33.33,57.14,36,16,9,3,35.71,15.38,68.75,25,9,12,5
2004,Pittsburgh,59,Wisconsin,55,35.59,20,78.95,40,10,9,7,35.42,44.44,76.47,31,9,13,4
2004,Boston College,58,Utah,51,52.27,75,81.82,25,20,8,4,38,16.67,100,26,12,8,2
2004,Georgia Tech,57,Boston College,54,45.1,33.33,83.33,24,15,17,12,45.45,38.46,60,30,14,22,11
2004,Pittsburgh,53,UCF,44,29.55,31.25,70.97,37,7,13,8,30.77,25,70,33,10,14,6
2005,West Virginia,111,Wake Forest,105,52.86,33.33,76.92,35,20,11,5,50.7,39.13,66.67,46,23,18,7
2005,Washington,97,Pacific,79,56.25,39.13,84.21,35,17,7,2,44.78,33.33,64.71,31,13,8,4
2005,North Carolina,96,Oakland,68,63.79,63.16,52.63,39,27,15,9,43.1,40,66.67,22,12,10,9
2005,Michigan St,94,Kentucky,88,46.88,52.63,80,40,15,13,6,44.93,47.37,73.91,37,14,11,7
2005,Louisville,93,Washington,79,55.36,42.31,71.43,44,17,17,8,41.79,24,60.71,33,15,11,9
2005,Louisville,93,West Virginia,85,55.17,39.29,62.07,34,19,11,8,55.32,66.67,78.95,19,23,14,5
2005,Mississippi St,93,Stanford,70,56.14,52.94,76.92,39,13,9,3,38.1,22.22,72,30,9,5,6
2005,North Carolina,92,Iowa St,65,47.69,32,59.46,50,20,13,14,35.53,30.77,41.18,47,20,17,8
2005,Illinois,90,Arizona,89,45.07,45.71,66.67,32,21,13,12,52.46,38.89,85.71,37,21,17,11
2005,Michigan St,89,Old Dominion,81,56.86,21.43,77.78,30,11,13,9,42.62,35,84.62,30,13,15,9
2005,North Carolina,88,Wisconsin,82,53.12,31.25,83.33,33,19,9,5,49.18,45.83,84.62,29,17,12,5
2005,Washington,88,Montana,77,55.17,47.37,68.18,32,19,16,9,50.77,45,25,33,15,18,5
2005,North Carolina,87,Michigan St,71,49.3,30,64.71,51,18,13,5,33.78,30.43,77.78,42,15,12,10
2005,Arizona,85,UAB,63,52.63,31.82,78.26,39,16,16,7,32.81,20,83.33,32,15,14,9
2005,Boston College,85,Penn,65,57.69,66.67,68,41,24,19,8,35.21,33.33,50,34,17,17,11
2005,Oklahoma St,85,S Illinois,77,54.35,50,87.88,30,18,14,3,41.07,31.58,83.33,28,14,11,8
2005,Oklahoma,84,Niagara,67,45.95,23.08,86.67,48,16,14,9,35.29,21.43,86.67,37,12,16,8
2005,WI Milwaukee,83,Alabama,73,52,57.14,67.86,22,20,7,6,52,39.13,75,34,17,19,3
2005,WI Milwaukee,83,Boston College,75,47.27,45.83,90.91,26,17,16,11,46,36.36,71.43,36,16,22,6
2005,UAB,82,LSU,68,45.76,43.75,58.33,35,15,15,8,35.94,19.35,72.73,42,10,21,6
2005,Georgia Tech,80,G Washington,68,50,43.75,77.27,42,11,17,10,44.62,37.5,25,34,19,14,9
2005,Arizona,79,Oklahoma St,78,65.96,50,58.82,31,17,14,3,43.94,43.48,76.92,27,17,8,10
2005,Oakland,79,Alabama A&M,69,50.88,46.67,70,43,14,17,2,38.98,35.71,72.22,29,16,14,6
2005,Pacific,79,Pittsburgh,71,47.27,50,73.91,35,15,12,2,42.37,34.78,72.22,30,10,10,7
2005,Michigan St,78,Duke,68,41.54,35.71,82.61,38,12,16,13,43.14,30.43,70.83,33,8,22,11
2005,Texas Tech,78,UCLA,66,61.54,42.86,68.75,32,21,14,7,43.33,30,53.33,27,16,13,5
2005,Connecticut,77,UCF,71,50,50,64,43,17,13,7,34.43,39.29,85.71,29,16,10,10
2005,Illinois,77,WI Milwaukee,63,49.12,45,80,33,20,9,7,38.6,24.14,66.67,35,12,12,4
2005,Cincinnati,76,Iowa,64,47.37,50,59.09,36,18,8,5,33.9,29.41,76,43,5,11,6
2005,Louisville,76,Georgia Tech,54,52.38,47.62,78.57,37,10,11,1,37.74,37.5,80,22,11,7,7
2005,Villanova,76,Florida,65,41.38,27.27,71.43,44,10,14,11,38.46,38.89,72,34,9,19,6
2005,NC State,75,Charlotte,63,44.07,21.05,86.36,33,14,16,14,39.66,38.1,64.29,36,11,20,8
2005,North Carolina,75,Illinois,70,51.92,56.25,63.16,34,12,10,4,38.57,30,66.67,39,18,8,8
2005,Gonzaga,74,Winthrop,64,45.76,31.25,68.18,40,13,10,5,36.67,38.46,83.33,36,16,13,4
2005,Illinois,72,Louisville,57,48.21,40,75,38,21,7,4,38.89,30,75,26,10,5,5
2005,Kentucky,72,E Kentucky,64,50.98,18.18,69.23,31,11,14,9,44.07,33.33,54.55,35,14,17,5
2005,Michigan St,72,Vermont,61,48.21,16.67,72.73,39,12,9,4,31.43,31.82,71.43,41,5,9,4
2005,Illinois,71,Nevada,59,53.06,16.67,85,32,18,16,9,37.04,33.33,64,32,10,14,10
2005,Texas Tech,71,Gonzaga,69,49.15,36.36,56.25,32,18,7,7,46.77,15.38,50,44,14,13,2
2005,Wisconsin,71,Bucknell,62,45.65,41.18,75.86,30,14,7,5,46,33.33,78.57,29,13,10,4
2005,Wake Forest,70,Chattanooga,54,41.38,28.57,66.67,37,16,15,10,40.38,30,66.67,35,12,22,5
2005,Kentucky,69,Cincinnati,60,51.02,58.33,66.67,36,16,15,7,32.79,26.92,68.42,37,10,10,4
2005,Louisville,68,ULL,62,38.6,27.27,66.67,36,12,11,5,45.28,33.33,55.56,37,14,18,7
2005,Florida,67,Ohio,62,38.89,30.43,94.74,32,15,16,11,39.13,50,65.38,33,8,20,8
2005,Illinois,67,F Dickinson,55,42.59,28.57,71.43,30,16,8,8,40.35,25,45.45,42,11,17,6
2005,North Carolina,67,Villanova,66,41.67,42.11,79.17,42,11,17,3,37.7,28.57,63.16,33,7,9,5
2005,Utah,67,Oklahoma,58,59.46,62.5,64.29,39,15,20,2,31.82,10.53,73.68,33,3,7,8
2005,Arizona,66,Utah St,53,46.94,42.86,77.78,33,9,11,3,36.36,36.84,60,32,15,12,6
2005,NC State,65,Connecticut,62,40,50,88.24,26,13,13,10,42.31,14.29,88.89,31,9,14,3
2005,S Illinois,65,St Mary's CA,56,40.98,33.33,78.57,33,12,10,8,33.33,20,81.82,42,3,20,2
2005,West Virginia,65,Texas Tech,60,47.06,40.91,61.54,31,14,18,5,42.86,12.5,68.75,34,10,16,11
2005,Wisconsin,65,NC State,56,50,40,76,35,7,18,2,38,40.91,69.23,21,12,13,10
2005,Bucknell,64,Kansas,63,40,25.81,75,30,17,9,10,43.48,9.09,81.48,34,14,13,5
2005,Iowa St,64,Minnesota,53,43.86,25,63.16,39,11,13,12,33.33,21.74,60,41,8,17,9
2005,Duke,63,Mississippi St,55,38,38.1,80.95,43,8,16,8,32.26,30.77,52.38,39,9,10,7
2005,Oklahoma St,63,SE Louisiana,50,48.65,57.14,79.31,30,13,17,11,44.44,30,70,19,10,17,12
2005,West Virginia,63,Creighton,61,47.83,40,84.62,29,19,16,12,42,40,84.62,27,12,17,8
2005,Kentucky,62,Utah,52,61.54,30.77,52.63,25,10,14,6,41.46,40,50,25,10,12,5
2005,Nevada,61,Texas,57,37.1,21.43,66.67,49,11,8,4,35.29,50,66.67,40,2,5,5
2005,Utah,60,UTEP,54,42.86,25,60,40,15,18,7,41.51,22.22,88.89,22,13,10,6
2005,Vermont,60,Syracuse,57,37.29,33.33,81.82,30,14,16,10,41.82,25,88.89,37,8,24,9
2005,Duke,57,Delaware St,46,41.03,30,65.52,32,9,8,5,36.54,33.33,50,30,10,11,3
2005,Wisconsin,57,Northern Iowa,52,41.67,42.31,60,30,14,8,3,41.51,23.53,50,35,8,8,4
2005,Villanova,55,New Mexico,47,28.3,27.59,70.83,47,9,20,12,29.82,16,75,35,6,17,9
2006,Connecticut,98,Washington,92,52.94,52.63,72.34,42,15,26,7,42.5,30,78.26,38,9,17,19
2006,Arizona,94,Wisconsin,75,59.32,50,82.61,36,19,9,9,43.1,50,68.18,27,19,10,4
2006,Memphis,94,Oral Roberts,78,60.66,50,56.25,33,16,13,10,52.83,46.67,75,24,14,13,4
2006,Alabama,90,Marquette,85,50.91,52.17,70.97,32,15,14,4,52.46,31.82,73.68,28,13,12,9
2006,Gonzaga,90,Indiana,80,45.9,18.18,78.05,41,13,7,9,44.93,44.44,33.33,38,18,13,2
2006,Boston College,88,Pacific,76,50.88,26.09,82.76,30,22,8,12,41.27,40,77.78,37,18,15,4
2006,G Washington,88,UNC Wilmington,85,46.97,45.45,72.73,34,16,10,6,59.26,50,55.56,33,20,15,2
2006,Connecticut,87,Kentucky,83,50,30.77,70,35,16,12,7,46.77,33.33,94.44,34,15,14,7
2006,Indiana,87,San Diego St,83,49.3,30.77,56.25,31,14,9,11,56.36,55.56,73.33,36,15,16,7
2006,Montana,87,Nevada,79,51.79,50,85.19,32,18,8,2,47.14,27.78,80,36,15,9,5
2006,George Mason,86,Connecticut,84,50,50,68,37,13,11,6,46.97,31.82,78.95,34,15,9,6
2006,Wichita St,86,Seton Hall,66,47.37,45.45,68.75,44,19,15,6,34.43,30,94.74,36,10,13,10
2006,Florida,82,WI Milwaukee,60,53.57,40,73.68,41,17,10,6,36.07,35,52.94,33,10,11,6
2006,Villanova,82,Arizona,78,53.85,47.37,85,31,13,13,6,43.08,29.41,85,34,15,10,7
2006,WI Milwaukee,82,Oklahoma,74,45.45,30,81.25,32,13,12,8,52.46,35.71,62.5,35,18,18,8
2006,LSU,80,Iona,64,52.94,50,77.78,39,16,18,8,37.7,16.67,60,29,6,15,10
2006,Memphis,80,Bradley,64,51.67,40,66.67,41,11,13,10,33.33,31.25,70.37,35,6,17,4
2006,Wichita St,80,Tennessee,73,50,60,79.31,34,16,13,3,40.3,34.48,69.23,38,15,10,9
2006,Gonzaga,79,Xavier,75,52,50,77.78,33,11,10,4,41.18,35.71,69.7,31,14,8,4
2006,Pittsburgh,79,Kent,64,67.39,42.86,73.33,28,18,12,4,38.98,40.91,69.23,29,12,10,6
2006,Illinois,78,Air Force,69,58,36.36,85.71,28,17,11,6,51.22,48.15,77.78,15,15,11,7
2006,UCLA,78,Belmont,44,53.57,30.77,82.35,45,20,14,11,28.81,21.05,46.15,27,9,14,8
2006,Bradley,77,Kansas,73,44.23,52.38,62.5,35,17,16,6,44.83,38.89,73.68,36,11,18,12
2006,Florida,76,South Alabama,50,49.15,40,80,39,21,11,8,34.55,45,50,31,8,16,7
2006,Florida,75,Villanova,62,40.74,23.53,87.1,53,14,16,2,24.66,17.39,81.48,40,8,6,6
2006,George Mason,75,Michigan St,65,59.18,41.67,46.15,40,7,14,4,43.33,38.46,60,24,17,10,2
2006,Texas,75,NC State,54,46.43,42.11,78.95,38,17,10,8,39.29,13.64,58.33,28,10,13,7
2006,Washington,75,Utah St,61,47.46,44.44,87.5,22,16,7,11,49.02,23.08,80,35,14,22,3
2006,Duke,74,G Washington,61,47.73,37.5,70.27,39,12,18,4,30.88,27.78,73.68,39,10,14,8
2006,Texas,74,West Virginia,71,48.28,21.05,70,45,19,13,8,45.45,45.45,75,16,19,8,3
2006,Florida,73,UCLA,57,44.83,31.58,75,35,21,6,7,36.07,17.65,71.43,40,11,12,3
2006,Florida,73,George Mason,58,43.4,48,78.95,40,8,15,5,41.07,18.18,71.43,27,6,11,8
2006,UCLA,73,Gonzaga,71,40.35,28.57,70,32,12,10,5,47.06,30,76.92,37,14,17,3
2006,Bradley,72,Pittsburgh,66,37.29,33.33,81.25,40,14,8,8,40.98,30,90.91,38,11,14,2
2006,Connecticut,72,Albany NY,59,58.7,50,76.92,28,17,16,6,46.15,26.67,87.5,22,12,12,11
2006,Memphis,72,Bucknell,56,47.92,43.75,73.08,25,15,9,10,36.59,16.67,82.76,33,8,19,4
2006,Monmouth NJ,71,Hampton,49,44.26,38.46,77.78,38,21,9,2,30.16,26.67,53.85,42,7,13,4
2006,Duke,70,Southern Univ,54,48.98,33.33,85,35,15,20,9,35.48,30.77,60,32,8,16,14
2006,Georgetown,70,Ohio St,52,46.55,42.86,83.33,37,18,8,6,40.43,31.25,100,24,10,11,4
2006,LSU,70,Texas,60,42.42,16.67,68.75,42,18,10,8,30.43,34.48,72.73,45,14,12,7
2006,Ohio St,70,Davidson,62,40,22.73,56.52,43,10,4,2,38.24,22.73,71.43,44,13,9,1
2006,Boston College,69,Montana,56,42.86,47.06,77.78,44,16,8,2,36.36,35,81.82,29,19,7,3
2006,Kentucky,69,UAB,64,31.15,20,86.67,47,12,8,2,43.1,20.83,52.94,38,17,10,5
2006,North Carolina,69,Murray St,65,45.83,27.78,80,37,15,17,10,38.46,25.93,66.67,33,5,13,9
2006,Washington,67,Illinois,64,37.78,33.33,71.79,35,8,11,5,39.68,27.78,81.82,35,15,12,4
2006,West Virginia,67,Northwestern LA,54,39.13,31.82,72.73,28,11,14,13,38.18,30,54.55,41,13,24,7
2006,Texas A&M,66,Syracuse,58,35.71,35,86.36,38,14,10,8,39.22,21.05,66.67,35,12,12,6
2006,George Mason,65,North Carolina,60,39.66,25,78.95,38,14,8,7,35.94,33.33,100,40,16,13,3
2006,Northwestern LA,64,Iowa,63,38.33,39.13,64.29,31,17,11,9,43.9,33.33,80.77,36,10,19,4
2006,West Virginia,64,S Illinois,46,44,34.38,81.82,31,15,11,8,42.55,30.77,50,26,12,15,7
2006,George Mason,63,Wichita St,55,45.45,50,65.22,32,12,9,5,31.25,12.5,70.59,43,8,9,4
2006,Tennessee,63,Winthrop,61,45.28,23.81,71.43,33,12,13,6,39.29,29.17,58.82,35,14,15,7
2006,LSU,62,Duke,54,39.34,28.57,52.17,45,14,15,7,27.69,19.23,81.25,44,12,16,9
2006,UCLA,62,Alabama,59,51.06,36,38.46,21,17,11,5,48.72,18.18,76,30,10,15,7
2006,Texas,60,Penn,52,40,20,84.62,42,7,11,4,32.08,37.04,61.54,21,10,8,4
2006,Villanova,60,Boston College,59,35,21.05,70,36,9,11,11,46.94,26.32,47.06,39,18,21,5
2006,Bucknell,59,Arkansas,55,38.64,52.38,77.78,29,10,14,10,40.43,16.67,62.5,32,13,13,4
2006,UCLA,59,LSU,45,41.18,27.78,70.59,42,10,17,10,32,0,46.43,33,4,15,9
2006,LSU,58,Texas A&M,57,35.19,16.67,78.26,35,5,13,4,41.51,46.15,58.33,36,9,17,7
2006,NC State,58,California,52,50,31.25,64.71,25,10,11,5,42.55,31.25,70,26,9,13,7
2006,Villanova,58,Monmouth NJ,45,30.77,28,82.61,40,7,13,13,34.15,23.53,76.47,31,12,18,7
2006,Florida,57,Georgetown,53,42.22,38.46,82.35,31,7,12,4,38.89,23.81,75,32,15,12,8
2006,Georgetown,54,Northern Iowa,49,43.48,26.32,64.29,32,15,9,4,35.42,26.92,66.67,31,10,8,4
2006,UCLA,50,Memphis,45,35,25,51.28,36,7,17,4,31.48,11.76,60,41,5,18,8
2007,Tennessee,121,Long Beach St,86,58.9,51.85,70,43,25,6,11,49.23,57.14,71.43,28,11,13,2
2007,Florida,112,Jackson St,69,58.9,35.71,59.26,62,27,12,5,36.23,27.27,92.86,19,10,8,8
2007,Kansas,107,Niagara,67,54.05,59.09,53.85,50,29,12,14,31.82,10.53,67.65,43,9,21,12
2007,Georgetown,96,North Carolina,84,57.58,57.14,66.67,38,26,10,4,35.21,25,85.29,43,15,9,5
2007,Ohio St,92,Memphis,76,50.98,29.41,85.37,34,9,8,8,40,45.45,70,35,10,11,5
2007,Kansas,88,Kentucky,76,56.6,62.5,78.26,30,19,11,7,41.38,38.46,78.26,32,17,12,5
2007,USC,87,Texas,68,45.76,37.5,71.05,43,13,10,6,37.5,25,81.25,35,10,14,3
2007,North Carolina,86,E Kentucky,65,64.91,46.15,54.55,38,24,22,7,47.46,27.27,50,16,14,16,12
2007,Florida,85,Oregon,77,47.92,45.83,65.12,39,10,18,5,46.55,36.36,93.75,24,13,13,8
2007,Ohio St,85,Tennessee,84,52.94,36.36,65.71,33,13,8,3,48.39,51.61,47.06,34,14,7,4
2007,Boston College,84,Texas Tech,75,52.63,40,80,35,16,8,3,46.15,41.18,88.89,27,11,6,4
2007,Florida,84,Ohio St,75,49.06,55.56,88,38,11,15,5,46.88,17.39,64.71,28,10,7,11
2007,Pittsburgh,84,VA Commonwealth,79,54.39,50,59.26,42,20,16,5,40.85,30.43,82.35,34,13,7,9
2007,Virginia,84,Albany NY,57,53.57,52.94,83.33,41,16,8,3,37.93,30.77,71.43,25,16,9,2
2007,Maryland,82,Davidson,70,45.59,35.29,73.68,54,19,22,8,34.29,27.03,85.71,35,17,17,13
2007,North Carolina,81,Michigan St,67,48.08,37.5,73.53,40,12,10,6,37.29,40,88.24,29,15,10,5
2007,Georgetown,80,Belmont,55,54.72,43.75,75,39,17,12,9,35.71,23.08,52.94,30,10,12,6
2007,Pittsburgh,79,Wright St,58,54.55,47.62,64.29,44,21,17,3,33.33,25,58.33,30,12,8,9
2007,Texas,79,New Mexico St,67,49.02,25,96.15,30,11,15,8,40.32,28,83.33,34,14,17,5
2007,VA Commonwealth,79,Duke,77,42.62,56.25,75,31,14,11,13,46.55,27.27,62.5,42,11,17,5
2007,Xavier,79,BYU,77,42.86,47.06,79.31,37,12,10,3,43.28,47.37,76.92,36,10,10,2
2007,Louisville,78,Stanford,58,49.02,41.18,75,26,12,13,11,41.18,25,48.15,37,10,21,2
2007,Memphis,78,Nevada,62,38.98,35.29,76.47,40,10,10,7,36.84,23.81,88.24,30,16,14,5
2007,Ohio St,78,Xavier,71,41.27,42.86,85,45,10,14,5,42.62,34.78,68.75,28,13,9,4
2007,Ohio St,78,Central Conn,57,51.85,55,61.11,35,14,10,5,35.85,38.46,90,27,8,12,4
2007,Vanderbilt,78,Washington St,74,42.86,37.04,77.78,39,13,17,12,45,36.84,76.47,36,16,19,10
2007,Nevada,77,Creighton,71,45.16,35,82.35,48,16,19,2,42.25,15.79,66.67,31,12,6,10
2007,Niagara,77,Florida A&M,69,38.71,29.63,75,42,10,11,5,45.31,23.53,38.89,42,13,13,6
2007,Tennessee,77,Virginia,74,40.74,42.31,68.75,39,12,16,7,37.5,26.92,86.11,29,5,12,5
2007,USC,77,Arkansas,60,50,30.77,92,39,10,12,8,36.84,15,75,26,5,11,5
2007,Vanderbilt,77,G Washington,44,42.62,38.71,81.25,41,22,11,6,27.08,21.43,60,36,6,20,3
2007,Florida,76,UCLA,66,53.33,40.91,61.29,43,10,16,2,39.06,21.74,84.62,26,12,3,6
2007,Oregon,76,UNLV,72,47.92,56.52,77.27,37,11,17,4,37.84,27.27,58.33,38,13,8,8
2007,Wisconsin,76,TAM C. Christi,63,40,35,83.33,34,13,10,8,43.48,50,68,34,16,17,5
2007,Oregon,75,Winthrop,61,48.21,47.83,83.33,31,8,10,4,39.34,25.81,62.5,38,13,15,4
2007,Florida,74,Purdue,67,50,27.78,87.1,31,11,15,7,47.46,29.41,46.15,28,15,12,12
2007,North Carolina,74,USC,64,38.96,14.29,70.59,46,11,9,6,42.62,27.78,77.78,39,13,18,5
2007,UNLV,74,Wisconsin,68,46.15,50,80,33,12,9,3,41.18,23.81,77.78,31,14,8,6
2007,Winthrop,74,Notre Dame,64,45.16,38.1,52.63,43,20,13,5,41.79,18.18,30.77,41,10,13,10
2007,Memphis,73,North Texas,58,40.32,25,70.37,45,12,16,6,35.85,40,72.73,34,12,19,6
2007,Purdue,72,Arizona,63,38.1,29.41,65.52,39,10,8,12,41.18,26.67,94.44,32,16,17,6
2007,Texas A&M,72,Louisville,69,46.34,62.5,74.36,25,9,11,6,44.44,27.78,77.42,30,5,14,3
2007,Indiana,70,Gonzaga,57,39.66,36,93.75,45,15,13,3,33.93,36.84,75,30,14,10,6
2007,UCLA,70,Weber St,42,46.55,52.63,66.67,35,18,13,6,34.21,16.67,68.18,25,8,17,5
2007,Washington St,70,Oral Roberts,54,47.37,38.46,91.67,36,12,6,3,35.85,28.57,62.5,34,11,12,3
2007,Texas A&M,68,Penn,52,47.06,38.46,55.56,40,10,8,4,36.21,20,75,27,8,10,2
2007,UCLA,68,Kansas,55,53.33,47.06,66.67,31,12,25,15,41.07,50,45.45,28,17,21,17
2007,Kentucky,67,Villanova,58,45.45,26.32,70.97,37,12,11,5,32.73,33.33,75,30,8,8,5
2007,Ohio St,67,Georgetown,60,43.86,28.57,68.42,37,13,8,8,49.02,33.33,37.5,30,17,14,3
2007,UNLV,67,Georgia Tech,63,31.67,26.67,77.78,44,15,9,5,40.98,27.27,58.82,41,11,11,6
2007,Georgetown,66,Vanderbilt,65,44.64,42.11,57.14,40,14,11,3,41.18,33.33,70,26,17,5,5
2007,Florida,65,Butler,57,50,42.11,82.14,27,9,13,1,40,36.84,76.92,25,8,9,7
2007,Memphis,65,Texas A&M,64,42.59,29.41,66.67,31,8,8,2,47.46,30,50,36,14,8,4
2007,UCLA,64,Pittsburgh,55,42.86,38.46,88.46,33,10,14,1,36.36,43.75,57.14,27,13,10,5
2007,S Illinois,63,Virginia Tech,48,44.19,57.14,56.52,30,11,9,5,41.3,15.38,50,29,3,11,3
2007,Butler,62,Maryland,59,44.23,46.15,66.67,23,14,12,10,46.94,54.55,46.67,37,13,17,4
2007,Georgetown,62,Boston College,55,42.31,25,73.68,38,12,10,6,38.18,28.57,63.64,33,9,9,6
2007,Kansas,61,S Illinois,58,59.52,16.67,52.63,26,16,19,9,36.84,24,71.43,31,9,15,6
2007,Michigan St,61,Marquette,49,53.66,40,86.67,28,17,15,6,31.91,34.48,60,29,7,15,6
2007,S Illinois,61,Holy Cross,51,43.9,16.67,76.67,28,11,18,9,33.33,9.09,70.97,30,10,20,9
2007,Oregon,58,Miami OH,56,43.18,31.25,88.24,24,10,5,3,47.73,35,70,24,10,7,1
2007,Butler,57,Old Dominion,46,41.3,37.5,62.5,35,11,11,6,32.73,20,85.71,34,4,11,8
2007,UCLA,54,Indiana,49,36.17,22.22,75,38,10,10,6,32.69,31.25,47.62,38,8,12,4
2007,Virginia Tech,54,Illinois,52,35.71,42.86,64.29,22,11,9,11,42.22,35.29,53.33,37,12,21,3
2008,North Carolina,113,Mt St Mary's,74,60.56,43.75,80,48,25,9,11,43.08,31.82,78.57,22,16,15,7
2008,North Carolina,108,Arkansas,77,67.69,50,70.59,32,28,7,3,47.46,27.78,69.57,27,11,9,5
2008,WKU,101,Drake,99,54.41,50,68.42,41,18,22,5,37.68,38.1,81.58,39,18,15,8
2008,Memphis,92,Michigan St,74,52.54,30.77,74.29,39,13,9,9,49.15,27.78,64.71,28,18,12,2
2008,Purdue,90,Baylor,79,49.25,45,83.33,43,14,13,6,40.58,28.57,75,37,11,11,9
2008,UCLA,88,WKU,78,50,44.44,74.29,51,17,19,6,34.72,37.5,73.08,36,12,11,11
2008,Memphis,87,UT Arlington,63,51.85,45,62.86,39,18,12,7,43.64,30.77,52.38,29,16,14,5
2008,Arkansas,86,Indiana,72,54.17,47.06,78.79,34,14,12,5,43.75,41.67,50,30,14,10,8
2008,Kansas,85,Portland St,61,54.1,48,46.67,38,21,11,10,38.18,36,71.43,31,11,16,8
2008,Memphis,85,Texas,67,50,27.27,83.33,39,18,7,4,36.23,32.14,88.89,36,13,8,5
2008,Xavier,85,Purdue,78,54,41.67,78.79,34,12,14,5,38.81,38.1,78.26,37,9,10,8
2008,Kansas,84,North Carolina,66,53.12,33.33,78.57,42,17,19,10,35.82,20.83,86.67,33,7,18,7
2008,Villanova,84,Siena,72,53.57,46.15,75,37,15,15,8,35.71,28.57,66.67,34,9,13,8
2008,North Carolina,83,Louisville,73,53.45,27.27,85.71,33,16,14,9,52.73,31.58,56.25,27,15,19,7
2008,Siena,83,Vanderbilt,62,56.52,45,88,29,16,17,10,40.98,20,66.67,31,12,16,9
2008,Davidson,82,Gonzaga,76,49.12,50,71.43,29,18,14,9,50.91,44.44,57.14,34,14,19,11
2008,Pittsburgh,82,Oral Roberts,63,46.38,36.36,76.92,50,17,9,5,34.92,40.91,66.67,33,10,10,6
2008,Stanford,82,Marquette,81,46.67,50,67.86,38,23,8,4,42.47,33.33,75,45,15,9,3
2008,Texas,82,Stanford,62,49.23,31.82,61.11,42,16,6,7,33.85,35.29,66.67,42,13,10,5
2008,Butler,81,South Alabama,61,50.94,53.57,92.31,28,18,10,9,43.75,30,48.15,30,8,13,5
2008,Kansas St,80,USC,67,48.33,43.75,57.69,44,15,13,7,42,50,70.37,27,12,11,6
2008,Louisville,79,Boise St,61,55.77,50,50,27,15,16,10,48.15,23.53,41.67,31,15,19,5
2008,Louisville,79,Tennessee,60,52,28.57,76.67,43,14,20,6,33.93,25,68,28,12,17,11
2008,Xavier,79,West Virginia,75,47.46,57.89,57.14,41,16,12,3,42.42,9.09,66.67,38,16,8,5
2008,Louisville,78,Oklahoma,48,59.26,52.94,33.33,33,24,12,7,31.91,27.78,68.42,28,9,16,3
2008,Memphis,78,UCLA,63,42.19,33.33,86.96,43,10,9,7,37.5,30.77,84.62,36,8,12,6
2008,Miami FL,78,St Mary's CA,64,44.44,38.46,80.95,47,14,16,4,37.29,34.78,52.17,33,15,14,3
2008,Memphis,77,Mississippi St,74,44.44,37.5,46.88,45,19,5,3,43.33,42.11,70,37,9,8,2
2008,Stanford,77,Cornell,53,55.36,44.44,70,47,20,19,5,30.51,30.77,69.23,25,7,11,8
2008,Mississippi St,76,Oregon,69,47.06,23.53,66.67,40,16,12,5,34.38,23.68,84.21,36,13,10,6
2008,Tennessee,76,Butler,71,44.07,26.32,65.52,46,12,20,5,36.07,34.62,64.29,39,11,14,11
2008,UCLA,76,Xavier,57,53.85,46.67,72.22,37,17,14,6,36.21,21.05,68.75,28,12,9,6
2008,Kansas,75,Memphis,68,52.73,25,93.33,39,14,17,11,40.32,27.27,63.16,28,14,13,11
2008,Kansas,75,UNLV,56,58,38.46,63.16,36,9,10,7,26.67,22.73,79.41,26,6,10,6
2008,Texas,75,Miami FL,72,43.86,50,57.14,41,17,13,3,40,40.91,86.36,30,10,9,4
2008,Villanova,75,Clemson,69,50,53.85,82.76,36,8,19,6,38.33,27.27,60.87,31,9,14,8
2008,West Virginia,75,Arizona,65,50.91,57.89,88.89,27,16,9,6,45.65,40,80.95,27,12,12,3
2008,Davidson,74,Georgetown,70,38.6,21.43,80,28,10,5,6,63.41,55.56,47.06,30,11,20,2
2008,Marquette,74,Kentucky,66,44.23,38.46,79.31,34,10,7,5,47.92,40,70.59,26,13,12,4
2008,Texas,74,Austin Peay,54,49.09,45.45,55.56,44,17,11,2,28.81,26.09,66.67,35,10,7,4
2008,Davidson,73,Wisconsin,56,49.06,50,75,28,18,7,9,36.96,34.78,66.67,31,9,12,2
2008,West Virginia,73,Duke,67,40.32,36.36,86.36,47,12,17,1,38,22.73,75,27,6,13,6
2008,Xavier,73,Georgia,61,42.55,33.33,81.82,29,11,8,9,47.27,33.33,60,30,10,14,4
2008,Kansas,72,Villanova,57,53.33,42.11,80,33,16,18,8,35.59,17.65,66.67,30,5,14,10
2008,Michigan St,72,Temple,61,48.15,26.67,88.89,37,19,12,4,37.5,26.09,68.42,29,13,11,7
2008,Oklahoma,72,St Joseph's PA,64,57.14,42.86,69.23,25,14,9,5,48.98,42.86,71.43,24,11,12,4
2008,Tennessee,72,American Univ,57,48.89,31.58,70.97,27,13,14,12,36.21,36,50,39,9,22,5
2008,WKU,72,San Diego,63,48.08,37.5,76.19,31,11,14,13,44.68,26.67,60.71,30,11,17,8
2008,Wisconsin,72,Kansas St,55,52.17,40.91,62.5,26,10,10,3,39.62,0,81.25,36,4,13,4
2008,Duke,71,Belmont,70,43.1,28.57,71.43,40,9,15,11,44.07,34.78,66.67,33,12,14,7
2008,UNLV,71,Kent,58,50.88,33.33,77.78,36,16,19,11,35.59,29.41,73.33,34,9,20,10
2008,Washington St,71,Winthrop,40,59.18,30.77,69.23,40,20,10,4,30.77,31.58,25,21,7,7,5
2008,Wisconsin,71,CS Fullerton,56,42.37,18.75,72,50,13,17,8,36.21,33.33,53.85,27,7,14,9
2008,San Diego,70,Connecticut,69,47.69,33.33,57.14,31,13,11,11,43.1,50,80,41,14,15,5
2008,UCLA,70,MS Valley St,29,47.37,40,72.73,52,20,12,7,19.7,7.14,33.33,34,7,11,7
2008,Mt St Mary's,69,Coppin St,60,34.55,25,81.25,41,10,11,7,43.86,23.53,46.15,34,9,11,2
2008,North Carolina,68,Washington St,47,43.1,33.33,68.42,46,11,13,5,31.58,12.5,60,32,9,10,6
2008,Notre Dame,68,George Mason,50,45.61,42.86,63.64,42,14,13,4,33.33,17.65,64.29,34,8,11,5
2008,Texas A&M,67,BYU,62,54.35,50,52.94,37,18,13,2,44.44,31.82,50,25,13,7,6
2008,Georgetown,66,UMBC,47,50.98,34.78,42.86,40,14,15,6,32,30.77,53.85,29,8,12,12
2008,Michigan St,65,Pittsburgh,54,48.08,60,100,37,12,15,1,32.69,11.76,94.74,26,4,9,8
2008,Washington St,61,Notre Dame,41,44.44,23.53,64.29,37,14,7,8,24.53,17.65,92.31,38,7,13,3
2008,Kansas,59,Davidson,57,44.23,35.71,57.14,38,12,14,5,38.6,29.63,41.67,30,17,9,7
2008,UCLA,51,Texas A&M,49,43.18,33.33,63.64,29,7,14,7,43.14,20,42.86,29,12,11,2
2009,Connecticut,103,Chattanooga,47,52.11,25,58.97,58,28,10,12,25.76,20,80,34,11,19,5
2009,Louisville,103,Arizona,64,57.58,48.28,92.86,36,29,9,10,38.1,29.17,69.23,32,15,14,5
2009,Missouri,102,Memphis,91,53.23,37.5,66.67,37,17,12,9,50.72,20,56.25,40,16,14,8
2009,North Carolina,101,Radford,58,45.24,35.71,83.33,59,17,12,11,27.5,29.41,64.29,48,9,18,9
2009,North Carolina,98,Gonzaga,77,52.94,57.89,55.56,42,23,9,8,46.55,30.43,69.57,31,10,12,6
2009,Connecticut,92,Texas A&M,66,57.89,50,77.78,39,20,9,3,41.27,20,64.71,28,17,7,3
2009,Memphis,89,Maryland,70,58.49,52.63,77.27,35,21,13,6,43.55,35.71,57.89,27,9,7,8
2009,North Carolina,89,Michigan St,72,45.9,41.67,70,35,13,7,9,40,30.43,72.41,42,13,21,1
2009,Villanova,89,UCLA,69,46.27,32,70.37,41,20,11,11,42.55,37.5,66.67,28,14,20,7
2009,Duke,86,Binghamton,62,49.12,45,84,38,21,15,6,52.94,46.67,20,20,9,18,9
2009,Arizona,84,Utah,71,54.55,33.33,71.43,34,11,14,13,42.19,25,69.23,35,16,20,7
2009,Cleveland St,84,Wake Forest,69,47.69,40,72.73,32,15,6,9,52,38.46,70.59,33,10,18,4
2009,Kansas,84,N Dakota St,74,50,33.33,80,39,17,5,5,41.94,41.67,80,34,9,9,3
2009,Maryland,84,California,71,49.21,37.5,66.67,36,18,9,5,42.37,29.17,73.68,35,12,14,2
2009,North Carolina,84,LSU,70,54.24,46.15,77.78,32,13,10,11,45.31,40.91,50,33,12,15,5
2009,Oklahoma,84,Syracuse,71,54.24,42.86,61.11,36,19,18,11,45,29.17,71.43,29,13,18,10
2009,Pittsburgh,84,Oklahoma St,76,49.12,39.29,65.38,41,18,14,2,48.15,42.86,100,21,18,9,8
2009,Gonzaga,83,WKU,81,50,42.86,73.68,31,18,11,4,51.61,48,35.71,31,14,11,4
2009,Missouri,83,Marquette,79,48.44,31.82,70,30,14,7,6,38.33,35.71,84.85,41,8,12,4
2009,North Carolina,83,Villanova,69,40.32,50,59.46,48,16,12,6,32.91,18.52,75,53,8,12,7
2009,Connecticut,82,Missouri,75,50.94,16.67,81.25,47,15,17,3,42.11,27.78,50,32,21,6,10
2009,Michigan St,82,Connecticut,73,43.06,31.58,70,42,18,11,11,42.37,33.33,63.64,42,8,16,5
2009,Oklahoma,82,Morgan St,54,60.42,33.33,62.5,45,15,15,5,28.57,26.09,50,36,10,7,9
2009,Memphis,81,CS Northridge,70,49.15,39.29,57.14,35,19,14,14,44.44,38.89,75,32,10,17,8
2009,Villanova,80,American Univ,67,48,33.33,89.66,38,15,16,8,43.55,32.26,60,24,16,12,8
2009,Louisville,79,Siena,72,49.23,45,46.15,47,18,17,3,42.03,29.17,70,32,17,9,8
2009,Texas A&M,79,BYU,66,57.69,35.29,68.42,35,20,14,2,38.98,43.75,72.22,26,15,10,11
2009,Missouri,78,Cornell,59,47.46,25,89.47,37,19,4,4,35.94,28.57,58.33,40,11,9,1
2009,Syracuse,78,Arizona St,67,55.32,45,80.95,33,18,10,4,40.82,37.14,63.64,24,17,10,2
2009,Villanova,78,Pittsburgh,76,44.64,30,95.65,33,9,13,6,48.08,27.78,72.41,28,14,11,4
2009,Gonzaga,77,Akron,64,52.27,33.33,83.87,34,15,8,5,36.84,43.48,66.67,26,15,8,0
2009,Michigan St,77,Robert Morris,62,45.9,30.77,73.91,49,15,10,6,40.98,29.41,53.85,28,16,6,8
2009,Oklahoma St,77,Tennessee,75,56.6,33.33,76.92,31,13,12,5,42.86,33.33,76.19,28,16,11,4
2009,Villanova,77,Duke,54,42.19,22.22,82.61,49,9,12,5,26.67,18.52,70.83,34,7,11,8
2009,Xavier,77,Portland St,59,53.7,42.11,61.11,34,12,7,5,47.83,38.1,43.75,21,12,11,6
2009,Purdue,76,Washington,74,39.06,43.75,82.61,40,15,11,5,41.79,33.33,73.68,40,13,9,4
2009,Texas,76,Minnesota,62,47.37,55,57.89,41,12,14,6,40.74,30.77,73.68,30,12,12,6
2009,WKU,76,Illinois,72,48.21,47.37,59.09,37,13,15,8,49.21,27.78,71.43,29,14,12,9
2009,LSU,75,Butler,71,49.09,42.86,71.43,30,14,11,11,42.31,34.78,73.08,34,12,15,3
2009,Duke,74,Texas,69,43.4,50,77.78,31,9,9,8,50,25,64,36,8,15,5
2009,Louisville,74,Morehead St,54,58,41.67,54.55,29,19,19,9,38.46,36.36,71.43,27,12,20,4
2009,Michigan St,74,USC,69,43.14,46.15,77.42,36,20,16,5,40.35,10,84.62,30,10,11,10
2009,Siena,74,Ohio St,72,33.33,25,71.43,53,13,22,9,40,28,73.91,37,15,20,5
2009,Oklahoma,73,Michigan,63,49.02,31.58,62.96,35,18,11,5,39.29,37.04,81.82,34,12,14,5
2009,Connecticut,72,Purdue,60,44.64,37.5,63.33,48,19,13,6,36.36,26.09,54.55,33,12,9,7
2009,North Carolina,72,Oklahoma,60,50.98,35.71,93.75,27,13,12,9,44.44,10.53,62.5,31,9,16,6
2009,Pittsburgh,72,ETSU,62,43.64,36.84,73.91,47,16,18,5,30.67,18.18,50,44,12,9,6
2009,USC,72,Boston College,55,52.94,44.44,73.68,35,19,13,7,32.73,26.09,92.86,30,13,15,5
2009,Arizona,71,Cleveland St,57,50,27.27,85.71,33,12,11,8,37.29,13.04,71.43,30,3,11,7
2009,Washington,71,Mississippi St,58,43.55,22.22,71.43,45,13,15,5,34.48,27.78,68.42,35,5,17,5
2009,Dayton,68,West Virginia,60,46.3,40,60.87,32,14,9,5,36.73,25,76,37,10,11,2
2009,Michigan St,67,Kansas,62,38.98,33.33,94.12,31,17,13,13,45.28,25,84.62,37,11,19,7
2009,Arizona St,66,Temple,57,51.28,57.14,75,27,12,11,4,37.25,35.29,76.47,29,13,9,5
2009,UCLA,65,VA Commonwealth,64,40.38,50,89.47,33,9,12,9,40.82,40,72,31,14,12,5
2009,Michigan St,64,Louisville,52,46.15,50,72.73,37,19,12,7,38.3,37.5,55.56,29,12,12,7
2009,Michigan,62,Clemson,59,39.22,38.46,80,33,16,14,5,32.31,22.73,85.71,44,14,11,8
2009,Purdue,61,Northern Iowa,56,40.38,20,72.73,32,11,10,8,37.04,31.82,81.82,30,13,14,6
2009,Wisconsin,61,Florida St,59,40.74,33.33,66.67,26,10,9,4,43.48,30.77,83.33,33,6,15,6
2009,Kansas,60,Dayton,43,43.4,18.75,50,50,9,17,5,22.22,21.05,87.5,43,7,11,13
2009,Pittsburgh,60,Xavier,55,33.85,26.67,63.16,44,9,9,9,32.81,21.74,80,44,9,10,4
2009,Xavier,60,Wisconsin,49,39.13,42.86,69.23,37,12,14,4,28.57,15,82.35,30,5,7,5
2009,Syracuse,59,SF Austin,44,45.45,12.5,70,55,14,21,3,24.66,9.52,60,34,10,6,10
2009,Marquette,58,Utah St,57,36.17,26.32,82.61,32,7,9,4,41.51,30.43,75,26,11,9,2
2009,Morehead St,58,Alabama St,43,36,26.67,75,50,13,21,6,31.03,13.33,45.45,27,4,13,7
2010,Kansas St,101,Xavier,96,47.44,42.11,65.52,40,19,12,5,43.06,42.86,75.86,51,12,16,8
2010,Kentucky,100,ETSU,71,51.67,45.45,67.65,44,27,14,8,35.94,23.53,56.76,40,11,14,11
2010,BYU,99,Florida,92,49.23,43.48,78.12,33,11,12,12,43.59,31.25,73.68,45,15,21,7
2010,Ohio,97,Georgetown,83,58.18,56.52,76.92,26,15,12,6,50.82,36.36,68.42,31,14,18,5
2010,Kansas,90,Lehigh,74,55.07,42.86,50,41,17,14,10,40.32,36.84,80.95,33,11,13,6
2010,Kentucky,90,Wake Forest,60,60.32,33.33,41.18,42,21,11,6,32.81,13.33,61.54,34,12,11,6
2010,Maryland,89,Houston,77,47.06,23.53,84,50,18,10,2,41.67,35,62.5,29,7,6,6
2010,Pittsburgh,89,Oakland,66,53.57,33.33,69.44,38,18,15,10,33.33,19.05,75,32,8,17,8
2010,Cornell,87,Wisconsin,69,61.11,53.33,81.25,29,14,8,8,48.98,32,76.47,21,13,10,6
2010,Syracuse,87,Gonzaga,65,54.72,48,73.91,38,17,15,4,41.67,14.29,60,27,14,11,8
2010,Missouri,86,Clemson,78,51.72,29.41,72.41,30,21,9,15,44.44,50,71.43,41,14,20,2
2010,Michigan St,85,Maryland,83,55.17,55.56,78.57,42,18,19,3,43.94,47.37,80,24,20,6,8
2010,Kansas St,84,BYU,72,41.07,40.74,90,39,14,15,7,39.62,31.25,89.29,29,12,13,7
2010,Tennessee,83,Ohio,68,56.67,35.71,55.56,41,21,16,8,37.93,38.46,53.85,33,15,14,9
2010,Kansas St,82,North Texas,62,50.82,38.89,65,40,12,11,9,30.91,26.32,74.19,36,8,16,2
2010,Washington,82,New Mexico,64,48.48,47.06,50,40,21,5,6,39.39,29.41,41.18,38,7,11,1
2010,Wake Forest,81,Texas,80,42.86,33.33,62.5,59,15,20,2,37.68,33.33,60.61,34,11,5,11
2010,St Mary's CA,80,Richmond,71,49.06,42.11,71.43,40,11,13,5,47.17,47.62,84.62,17,10,9,6
2010,Washington,80,Marquette,78,54.55,64.29,68.75,28,21,12,4,52.94,63.16,80,22,16,13,8
2010,Syracuse,79,Vermont,56,54.55,45.45,81.82,40,24,16,8,34.85,22.73,50,29,13,9,8
2010,Cornell,78,Temple,65,56.25,39.13,78.95,30,10,11,7,51.92,29.41,66.67,20,14,11,3
2010,Duke,78,Baylor,71,36.07,47.83,79.31,43,15,11,7,45.76,27.78,63.16,37,14,11,8
2010,Duke,78,West Virginia,57,52.73,52,77.78,29,20,6,5,41.3,41.67,73.68,27,11,10,1
2010,Butler,77,UTEP,59,46,41.94,64.29,32,14,10,6,42.11,22.22,77.78,30,15,14,8
2010,California,77,Louisville,62,50.98,53.33,77.27,28,17,14,8,43.33,26.32,55.56,37,13,15,9
2010,West Virginia,77,Morgan St,50,41.38,26.67,80.65,49,20,9,7,29.51,15.79,55,38,3,12,6
2010,Baylor,76,Old Dominion,68,51.85,40,70.59,30,15,13,8,43.4,46.15,72.73,31,16,14,9
2010,Tennessee,76,Ohio St,73,46.88,26.67,80,41,15,16,6,43.1,39.13,73.68,29,14,11,6
2010,Ohio St,75,Georgia Tech,66,49.02,38.1,73.91,29,17,18,8,41.38,20,73.68,33,14,21,12
2010,St Mary's CA,75,Villanova,68,50,36.84,76.92,33,6,12,2,36.23,36.84,100,32,9,7,5
2010,Duke,73,Ark Pine Bluff,44,51.06,46.15,67.86,41,12,14,5,32.08,21.05,85.71,24,8,16,7
2010,Villanova,73,Robert Morris,70,35.29,27.27,77.5,29,9,16,13,40,25,80.77,35,8,21,10
2010,West Virginia,73,Kentucky,66,38.46,43.48,67.65,36,14,12,5,34.33,12.5,55.17,51,10,16,6
2010,Baylor,72,St Mary's CA,49,45.9,47.06,80,41,14,7,8,35.19,27.27,62.5,29,14,10,1
2010,Purdue,72,Siena,64,45.76,29.41,68.42,38,21,14,8,32.86,25,83.33,45,9,14,7
2010,Xavier,71,Pittsburgh,68,48,50,65.22,31,9,7,4,39.06,33.33,61.11,40,12,9,4
2010,Duke,70,Purdue,57,40,40,83.33,48,11,14,4,37.04,26.67,61.9,27,12,7,7
2010,Michigan St,70,New Mexico St,67,37.74,36.84,69.7,40,16,9,5,40.35,38.1,59.09,40,8,11,7
2010,Michigan St,70,Tennessee,69,46.15,33.33,76.19,27,12,11,8,51.06,43.75,66.67,27,11,10,6
2010,Northern Iowa,69,UNLV,66,44.44,47.37,86.96,35,11,16,7,43.1,40.91,58.33,28,12,8,9
2010,Northern Iowa,69,Kansas,67,40,34.62,84.21,30,11,9,9,44.44,26.09,72.22,38,9,15,5
2010,Texas A&M,69,Utah St,53,49.02,44.44,78.57,39,12,11,4,38.71,25,0,31,8,9,4
2010,West Virginia,69,Washington,56,40,26.67,76.47,49,14,23,11,39.29,27.27,64.29,29,11,21,14
2010,Baylor,68,Sam Houston St,59,44.07,25,64.71,47,18,14,8,33.82,19.35,53.85,37,20,11,7
2010,Duke,68,California,53,47.37,17.65,64.71,34,11,5,4,39.58,25,75,33,6,11,3
2010,Ohio St,68,Santa Barbara,51,40.38,45.45,88.89,38,14,9,5,32.26,31.58,71.43,35,11,9,6
2010,West Virginia,68,Missouri,59,40.43,33.33,75.76,41,12,10,4,32.79,33.33,60,38,13,7,6
2010,Gonzaga,67,Florida St,60,50,30,73.33,38,11,15,5,35.59,30,60,32,15,8,7
2010,Murray St,66,Vanderbilt,65,41.67,46.67,52.94,39,13,11,4,44,33.33,58.62,33,15,10,4
2010,Xavier,65,Minnesota,54,34.33,35,63.16,50,15,6,6,30.65,26.92,64.29,41,14,8,2
2010,Georgia Tech,64,Oklahoma St,59,43.18,20,96,32,11,13,8,50,27.27,69.23,17,12,11,8
2010,Butler,63,Syracuse,59,40.38,25,71.43,28,9,7,13,43.75,36.84,71.43,38,12,18,4
2010,Butler,63,Kansas St,56,45.65,46.67,70,41,9,20,7,38.6,33.33,50,29,8,13,11
2010,Purdue,63,Texas A&M,61,41.27,35.29,83.33,39,11,12,12,35.38,29.41,58.82,45,14,14,8
2010,Kentucky,62,Cornell,45,44,12.5,61.54,41,15,13,12,33.33,23.81,61.54,28,8,15,6
2010,New Mexico,62,Montana,57,41.51,25,56.52,31,14,6,8,40.74,28.57,58.33,37,17,12,5
2010,Tennessee,62,San Diego St,59,38.46,47.06,77.78,32,10,11,3,38.46,16.67,76.19,33,10,10,3
2010,Ark Pine Bluff,61,Winthrop,44,38.64,37.5,75,39,12,10,3,29.09,9.52,55.56,34,5,7,3
2010,Duke,61,Butler,59,44.23,29.41,62.5,37,12,12,5,34.48,33.33,72.22,35,7,8,4
2010,Michigan St,59,Northern Iowa,52,43.18,36.84,73.68,32,15,10,8,38.64,25,66.67,26,4,10,6
2010,Butler,54,Murray St,52,36,35,57.89,22,10,6,6,43.18,64.29,41.67,39,12,18,3
2010,Wisconsin,53,Wofford,49,37.04,11.11,63.16,30,3,4,7,41.67,42.86,46.15,37,7,11,1
2010,Butler,52,Michigan St,50,30.61,23.81,70.83,32,5,8,12,42.86,36.36,55.56,36,11,16,3
2010,Old Dominion,51,Notre Dame,50,41.67,23.08,66.67,31,11,8,7,35.59,23.08,66.67,38,12,10,6
2011,North Carolina,102,Long Island,87,50.75,17.65,73.81,54,21,18,3,36.47,25.81,68,39,19,14,11
2011,Ohio St,98,George Mason,66,61.02,61.54,55.56,33,23,9,8,43.33,44.44,85.71,29,13,17,5
2011,VA Commonwealth,94,Purdue,76,56.92,38.1,85.71,35,26,4,4,44.78,32,72.73,33,20,7,3
2011,Arizona,93,Duke,77,53.97,60,76.19,40,15,12,7,46.55,35.71,81.82,27,10,11,5
2011,BYU,89,Gonzaga,67,52.54,50,86.67,27,17,8,10,42.11,22.22,80.95,36,18,15,4
2011,Duke,87,Hampton,45,53.33,47.37,87.5,38,17,9,9,34.55,28.57,42.86,29,4,17,2
2011,Gonzaga,86,St John's,71,53.85,60,80.77,43,20,15,6,46.55,46.67,66.67,20,9,10,10
2011,North Carolina,86,Washington,83,46.97,50,78.26,37,18,9,7,45.83,52.63,100,40,17,13,6
2011,Texas,85,Oakland,81,47.62,44.44,80.77,42,14,10,4,44,24.14,72.73,38,12,7,7
2011,West Virginia,84,Clemson,76,49.09,38.46,80.65,37,15,11,6,43.1,23.81,80.77,31,15,9,5
2011,Florida,83,BYU,74,47.69,32.35,45.45,45,23,15,8,35.21,27.03,87.5,42,13,12,11
2011,Connecticut,81,Bucknell,52,48.48,37.5,88.89,49,20,6,5,31.37,33.33,86.67,23,6,5,3
2011,North Carolina,81,Marquette,63,41.89,31.25,66.67,48,15,7,11,36.51,12.5,75,42,8,18,4
2011,UNC Asheville,81,Ark Little Rock,77,50,33.33,82.14,35,17,15,6,42.86,31.03,76.92,33,19,16,6
2011,Florida,79,Santa Barbara,51,54.72,34.78,76.47,35,22,12,11,36.17,26.32,66.67,26,8,17,7
2011,Cincinnati,78,Missouri,63,53.7,36.36,72.73,36,14,11,3,38.1,31.58,69.23,31,15,9,7
2011,UCLA,78,Michigan St,76,45.83,36.36,63.83,39,13,16,7,40.32,40,76.19,36,20,16,9
2011,Arizona,77,Memphis,75,46,26.32,83.87,29,11,14,8,49.06,40,70.83,33,16,15,7
2011,Kansas,77,Richmond,57,47.62,47.37,80,43,20,9,7,33.85,15.38,75,35,7,11,3
2011,Syracuse,77,Indiana St,60,52.27,43.75,77.42,35,17,15,8,40,33.33,64.29,25,13,14,7
2011,Kentucky,76,North Carolina,69,48.21,54.55,62.5,34,16,14,10,43.55,18.75,80,36,13,13,9
2011,Michigan,75,Tennessee,45,51.56,34.62,0,36,20,11,5,34.88,16.67,75,26,10,18,4
2011,Ohio St,75,UT San Antonio,46,55.77,50,62.5,35,26,13,5,33.96,23.53,85.71,26,6,13,7
2011,BYU,74,Wofford,66,39.34,27.27,83.33,39,14,10,9,39.29,21.05,75,36,12,13,4
2011,Butler,74,Florida,71,40,27.27,62.96,41,8,10,2,43.86,21.43,81.82,34,10,7,6
2011,Connecticut,74,San Diego St,67,47.37,50,75,35,13,9,5,42.19,31.82,46.15,37,14,9,4
2011,Pittsburgh,74,UNC Asheville,51,42.37,42.11,64,50,18,12,4,30.91,15.79,73.68,27,9,10,7
2011,VA Commonwealth,74,Georgetown,56,40.91,48,66.67,30,14,6,7,38.46,19.23,84.62,36,12,17,3
2011,Duke,73,Michigan,71,51.02,25,72,33,12,11,1,50.94,33.33,90.91,22,13,7,7
2011,Florida,73,UCLA,65,50,42.86,76.47,32,13,8,2,41.82,23.08,64,35,12,8,4
2011,Illinois,73,UNLV,62,59.57,53.85,71.43,33,21,15,3,38.89,29.17,68.42,25,10,9,8
2011,Kansas,73,Illinois,59,51.92,33.33,75,36,17,12,5,38.33,28.57,77.78,31,16,12,7
2011,Kansas St,73,Utah St,68,40.74,29.41,85.71,33,14,11,2,46,33.33,76.19,29,10,12,2
2011,Kansas,72,Boston Univ,53,50.88,45,62.5,40,19,14,5,35.29,36,66.67,25,10,12,6
2011,VA Commonwealth,72,Florida St,71,45.28,46.15,60,32,18,17,12,36.62,36.84,66.67,47,7,16,8
2011,Wisconsin,72,Belmont,58,50,54.55,80,33,13,13,3,36.73,27.27,72.73,22,12,7,7
2011,Butler,71,Pittsburgh,70,46.15,44.44,78.57,22,12,6,2,56.52,54.55,66.67,33,21,12,2
2011,Florida St,71,Notre Dame,57,45.83,47.37,72,40,15,12,2,30.65,23.33,63.16,38,12,8,4
2011,Kentucky,71,West Virginia,63,48,33.33,70.83,34,12,10,1,41.51,36.84,75,30,9,11,5
2011,San Diego St,71,Temple,64,43.08,54.55,100,42,13,13,6,37.88,42.86,72.73,35,13,11,3
2011,VA Commonwealth,71,Kansas,61,39.62,48,77.27,35,14,13,7,35.48,9.52,53.57,45,10,14,8
2011,Arizona,70,Texas,69,44.44,57.14,63.64,32,17,12,8,45.28,27.27,81.82,33,13,13,5
2011,Butler,70,VA Commonwealth,62,35.59,34.78,76.92,48,8,9,5,39.66,36.36,61.54,32,17,10,3
2011,Clemson,70,UAB,52,52,30.77,87.5,29,17,12,10,37.5,50,57.14,29,10,19,4
2011,UT San Antonio,70,Alabama St,61,42.59,25,66.67,40,14,13,4,35.48,26.92,83.33,39,13,12,6
2011,Wisconsin,70,Kansas St,65,42,45,82.61,30,12,5,4,45.83,50,68.18,32,7,8,3
2011,Connecticut,69,Cincinnati,58,43.18,37.5,83.33,35,10,9,3,40,28.57,71.43,25,12,8,5
2011,Notre Dame,69,Akron,56,44.68,41.18,76.92,41,16,14,5,35.94,33.33,50,32,10,8,6
2011,Richmond,69,Vanderbilt,66,46.43,50,41.67,27,14,3,4,50,46.15,60.87,36,12,7,1
2011,San Diego St,68,N Colorado,50,40.91,40.91,62.5,45,11,4,5,33.93,36.36,50,33,8,9,2
2011,Washington,68,Georgia,65,43.33,22.22,85.71,29,10,5,6,46,41.67,73.68,36,9,15,3
2011,Marquette,66,Xavier,55,53.33,41.67,68.42,26,13,15,6,41.18,15.38,73.33,30,11,15,3
2011,Marquette,66,Syracuse,62,41.18,45.45,82.61,30,15,14,11,55.32,33.33,71.43,24,11,18,7
2011,Temple,66,Penn St,64,48.98,27.78,86.67,28,10,10,6,48.15,42.11,66.67,26,12,9,4
2011,Connecticut,65,Arizona,63,41.07,29.41,77.78,31,10,5,5,39.34,19.05,68.75,42,14,9,3
2011,Purdue,65,St Peter's,43,42.59,33.33,82.35,47,12,16,7,29.31,23.81,66.67,28,9,14,10
2011,Richmond,65,Morehead St,48,47.27,25,69.23,32,18,6,5,37.5,14.29,66.67,34,7,9,4
2011,Kentucky,62,Ohio St,60,45.83,35.29,85.71,32,11,11,3,32.76,37.5,72.73,36,7,7,6
2011,Morehead St,62,Louisville,61,36.84,47.37,61.11,41,11,18,12,45.83,40,43.75,29,14,16,14
2011,Butler,61,Wisconsin,54,42.22,27.78,69.23,37,7,14,8,30.36,24.14,68.42,31,9,11,7
2011,George Mason,61,Villanova,57,40.38,28.57,62.5,36,12,9,3,36.54,31.82,70.59,35,10,9,5
2011,Butler,60,Old Dominion,58,40.74,26.92,81.82,32,11,15,8,35.56,33.33,77.78,29,8,15,9
2011,Kentucky,59,Princeton,57,51.06,45.45,54.55,26,12,9,5,46.15,21.43,85.71,28,8,6,8
2011,VA Commonwealth,59,USC,46,33.9,37.5,66.67,40,11,9,5,39.47,11.11,60,31,4,15,2
2011,Florida St,57,Texas A&M,50,46.51,26.67,65,35,14,13,6,31.37,36,47.37,33,12,11,6
2011,Connecticut,56,Kentucky,55,46.94,8.33,81.82,38,16,15,5,33.87,33.33,33.33,37,12,10,11
2011,Connecticut,53,Butler,41,34.55,9.09,87.5,53,6,11,4,18.75,27.27,57.14,41,5,6,8
2012,Kentucky,102,Indiana,90,48.44,50,94.59,39,12,6,3,52.17,27.78,76.47,31,16,8,3
2012,Michigan St,89,Long Island,67,58.82,33.33,66.67,43,21,12,6,44,47.06,65.22,20,10,12,6
2012,Marquette,88,BYU,68,45.45,45,73.08,48,19,16,7,37.7,36.84,68.18,34,16,17,8
2012,Kentucky,87,Iowa St,71,55.36,50,68.18,40,19,11,2,40.98,13.64,72,31,7,7,6
2012,North Carolina,87,Creighton,73,50.77,50,68.42,44,16,9,4,41.18,40,75,35,11,9,7
2012,Norfolk St,86,Missouri,84,54.24,52.63,66.67,37,14,11,2,52.73,44.83,76.47,25,15,8,6
2012,Florida,84,Norfolk St,50,52.83,35.71,72,48,13,13,4,27.27,16.67,76.92,31,9,8,3
2012,Kentucky,82,Baylor,70,53.33,44.44,68.18,32,15,13,9,39.06,28.57,84.21,34,15,14,5
2012,Kentucky,81,WKU,66,55.56,30,72,39,14,12,2,39.68,40,62.5,30,10,10,6
2012,Ohio St,81,Cincinnati,66,48.21,47.06,70.37,35,14,11,13,46.43,39.13,62.5,29,8,18,5
2012,Baylor,80,Colorado,63,43.75,55,72.22,41,15,11,9,45.1,33.33,66.67,28,13,13,6
2012,Kansas,80,North Carolina,67,46.03,28.57,75,41,14,8,9,43.75,11.76,75,35,18,10,5
2012,Indiana,79,New Mexico St,66,59.26,53.85,80,21,15,12,12,55.1,33.33,80,23,7,17,5
2012,NC State,79,San Diego St,65,58.49,33.33,66.67,38,13,10,3,37.7,34.78,78.57,29,9,9,3
2012,Vanderbilt,79,Harvard,70,54.35,44.44,70,35,13,16,8,44.64,37.5,78.57,25,14,10,4
2012,BYU,78,Iona,72,48.39,35,55,43,21,20,9,44.29,24,50,36,19,18,10
2012,Ohio St,78,Loyola MD,59,44.83,35.71,80.77,49,11,18,6,35.19,28.57,77.27,24,9,12,6
2012,Gonzaga,77,West Virginia,54,56,52.94,75,31,15,10,9,32.65,17.65,67.86,31,10,10,2
2012,Iowa St,77,Connecticut,64,48.15,37.5,95,41,10,11,2,37.5,36.84,68.18,24,8,4,7
2012,North Carolina,77,Vermont,58,41.54,27.78,75,37,14,11,14,39.68,16.67,62.5,42,8,20,6
2012,Ohio St,77,Syracuse,70,41.18,30.77,73.81,39,10,12,4,41.51,37.5,80,26,9,12,6
2012,Baylor,75,Xavier,70,50.88,33.33,85.71,35,21,13,7,42.86,20,79.17,29,10,10,7
2012,Lehigh,75,Duke,70,42.31,33.33,67.57,34,12,8,7,41.38,23.08,69.57,42,12,13,4
2012,New Mexico,75,Long Beach St,68,50,33.33,75,31,19,14,6,43.08,25,57.14,36,13,15,6
2012,Syracuse,75,Kansas St,59,51.11,66.67,79.31,32,13,14,6,31.34,23.53,68.42,41,8,14,5
2012,Georgetown,74,Belmont,59,61.22,41.67,69.23,32,14,12,2,38.89,37.04,63.64,24,16,9,3
2012,North Carolina,73,Ohio,65,40,31.82,58.33,63,18,24,4,32.39,37.5,87.5,30,17,13,13
2012,Ohio St,73,Gonzaga,66,47.17,37.5,77.78,31,13,11,6,39.29,34.78,73.68,34,14,9,3
2012,Wisconsin,73,Montana,49,47.92,52.63,89.47,37,15,10,3,38.3,33.33,66.67,21,8,8,8
2012,Louisville,72,Florida,68,45,37.5,80,30,11,6,6,50,40,66.67,32,17,14,4
2012,Purdue,72,St Mary's CA,69,45.61,31.25,83.33,32,7,10,7,42.19,16,84.62,39,11,11,3
2012,Syracuse,72,UNC Asheville,65,44.64,21.74,70.83,33,16,9,5,42.86,39.13,87.5,32,17,12,3
2012,Florida,71,Virginia,45,52.83,17.39,64.71,39,11,12,6,38.3,16.67,60,23,12,13,5
2012,Vermont,71,Lamar,59,50,36.36,70.83,34,16,5,3,33.33,30.77,71.43,40,6,7,3
2012,Kansas St,70,Southern Miss,64,50,16.67,76.47,31,12,11,4,36.67,34.78,70.59,34,8,10,8
2012,Xavier,70,Lehigh,58,44.44,46.67,71.43,43,8,14,2,32.81,13.64,65,36,4,8,6
2012,Kentucky,69,Louisville,61,57.14,28.57,55,33,9,14,7,34.78,36.36,69.23,40,7,12,5
2012,Louisville,69,Davidson,62,40.38,20,72.22,40,8,10,5,35,21.05,69.57,36,12,10,4
2012,Baylor,68,S Dakota St,60,44.23,40,70,35,9,12,6,42,33.33,57.14,23,16,13,7
2012,Colorado,68,UNLV,64,45.83,58.33,62.96,46,12,23,4,32.39,25,52.94,33,13,8,14
2012,Florida,68,Marquette,58,40.68,25.93,86.67,42,15,11,5,30.77,28.57,66.67,41,11,9,8
2012,Kentucky,67,Kansas,59,41.07,42.86,71.43,43,12,11,4,35.48,45.45,66.67,35,9,9,6
2012,Xavier,67,Notre Dame,63,50,50,66.67,30,11,10,6,51.02,42.86,44.44,21,19,11,6
2012,Florida St,66,St Bonaventure,63,45.28,36.84,78.57,31,13,11,9,40.35,50,76.92,37,16,13,9
2012,NC State,66,Georgetown,63,37.04,46.67,61.29,41,11,10,4,41.18,32,76.47,33,13,12,5
2012,Cincinnati,65,Texas,59,45.76,18.75,50,40,17,9,4,35.09,35,85.71,34,11,11,6
2012,Kansas,65,Detroit,50,46,31.25,60.87,40,12,14,6,31.75,17.65,50,41,9,14,9
2012,Michigan St,65,St Louis,61,54.35,40,64.71,32,12,11,2,35.29,28,78.26,28,9,6,5
2012,Ohio,65,Michigan,60,51.16,37.5,88.24,26,13,9,6,40.74,30.43,81.82,29,11,10,2
2012,South Florida,65,California,54,57.14,33.33,50,32,15,11,3,36.21,21.43,64.29,31,10,7,1
2012,Kansas,64,Ohio St,62,44.64,27.27,78.57,42,14,17,5,33.9,36.36,93.33,30,11,12,7
2012,Syracuse,64,Wisconsin,63,55.1,55.56,55.56,26,5,6,4,42.86,51.85,58.33,25,15,6,2
2012,Indiana,63,VA Commonwealth,61,52.17,46.15,81.82,36,13,22,6,40.35,30,46.15,23,8,11,10
2012,Kansas,63,Purdue,60,33.87,25,65.22,44,10,7,6,40,44.44,63.16,36,11,10,3
2012,Cincinnati,62,Florida St,56,38,33.33,82.61,33,13,15,13,38,35.29,80,31,11,17,5
2012,Marquette,62,Murray St,53,38.18,26.67,76.19,36,11,12,7,31.25,19.05,90,43,7,16,6
2012,Ohio,62,South Florida,56,39.53,50,76,25,10,9,9,43.48,13.33,73.68,33,10,10,5
2012,VA Commonwealth,62,Wichita St,59,42.37,26.09,66.67,37,9,11,8,38.71,31.25,60,36,13,12,8
2012,St Louis,61,Memphis,54,45.65,38.46,77.78,34,7,17,6,38.89,13.33,58.82,29,4,11,8
2012,Kansas,60,NC State,57,37.5,7.14,55,50,13,14,9,28.36,28.57,76.47,47,10,14,7
2012,Wisconsin,60,Vanderbilt,57,41.82,30.3,50,30,13,8,4,43.48,26.32,75,35,8,12,4
2012,Louisville,59,New Mexico,56,45.83,46.67,66.67,25,9,11,9,39.66,21.74,62.5,36,13,13,5
2012,WKU,59,MS Valley St,58,30.65,12.5,57.58,60,10,28,7,36.07,18.18,45.45,32,12,17,11
2012,Creighton,58,Alabama,57,44,42.86,38.46,31,14,7,4,45.83,41.18,50,32,9,9,5
2012,Murray St,58,Colorado St,41,39.22,29.41,50,32,9,8,9,33.33,21.43,66.67,40,7,22,6
2012,South Florida,58,Temple,44,34,47.06,76.19,37,7,12,10,35.71,16.67,75,28,9,13,6
2012,Louisville,57,Michigan St,44,38.18,39.13,54.55,39,15,10,9,28.57,23.81,91.67,36,12,15,8
2013,Ohio St,95,Iona,70,47.89,46.67,80,44,25,10,8,35.38,21.43,85.71,40,13,19,4
2013,VA Commonwealth,88,Akron,42,53.85,50,71.43,36,15,7,11,34.88,7.69,57.89,29,5,22,2
2013,Michigan,87,Kansas,85,49.3,34.78,52.94,38,18,10,7,54.55,37.5,70,35,21,13,5
2013,Louisville,85,Duke,63,52.73,15.38,69.44,37,8,8,10,36.54,25,75,31,11,12,4
2013,Colorado St,84,Missouri,72,49.02,50,81.82,42,10,14,1,42.11,30.43,89.47,19,13,5,6
2013,Indiana,83,James Madison,62,52.73,39.13,76.19,38,17,9,3,41.94,40,50,28,7,10,1
2013,Minnesota,83,UCLA,63,50.82,56.25,63.16,36,19,11,7,31.75,18.18,76,42,10,15,5
2013,Louisville,82,Colorado St,56,56.36,55.56,83.33,29,14,9,11,47.5,41.67,61.9,24,4,20,0
2013,Louisville,82,Michigan,76,45.9,50,78.26,32,18,9,9,52.08,44.44,72,27,12,12,3
2013,Arizona,81,Belmont,64,56.86,52.94,70,44,13,16,2,39.22,29.63,69.57,18,7,8,7
2013,FL Gulf Coast,81,San Diego St,71,55.93,38.89,66.67,31,21,13,13,44.26,34.78,69.23,34,16,17,10
2013,Syracuse,81,Montana,34,51.92,45.45,70.97,40,21,8,12,20.37,12.9,66.67,33,5,17,5
2013,La Salle,80,Boise St,71,63.27,52.38,58.33,22,16,10,4,49.06,38.89,66.67,29,14,10,3
2013,Florida,79,Northwestern LA,47,47.54,33.33,60.87,43,13,8,10,36,18.75,72.73,26,9,15,2
2013,Louisville,79,NC A&T,48,57.41,25,59.09,31,14,16,20,41.46,37.5,80,20,7,27,8
2013,Michigan,79,Florida,59,46.15,52.63,69.23,35,18,11,13,41.07,20,64.71,36,13,15,7
2013,FL Gulf Coast,78,Georgetown,68,42.86,40,68.18,39,15,13,5,37.5,25.93,65,39,15,14,6
2013,Florida,78,Minnesota,64,56.76,50,72.22,26,13,14,7,40,44.44,72.73,29,11,14,4
2013,Miami FL,78,Pacific,49,46.15,54.55,85.71,41,12,11,7,33.33,34.62,36.36,28,9,14,2
2013,Michigan,78,VA Commonwealth,53,51.67,30,90.91,41,17,12,7,39.66,18.75,66.67,24,6,11,9
2013,North Carolina,78,Villanova,71,48.98,52.38,70.37,28,18,17,10,44.26,19.05,68.42,37,6,16,9
2013,Ohio St,78,Iowa St,75,51.02,50,73.08,22,12,9,7,44.23,48,73.91,36,14,16,4
2013,Louisville,77,Oregon,69,53.85,30.77,65.38,34,10,13,7,44.26,35.71,58.82,35,12,12,7
2013,Iowa St,76,Notre Dame,58,49.15,42.86,75,27,19,6,4,43.14,23.53,76.92,35,9,17,2
2013,La Salle,76,Mississippi,74,49.09,39.13,72.22,30,14,12,8,47.62,21.05,47.62,40,14,13,5
2013,Temple,76,NC State,72,48,38.89,63.64,24,13,5,5,55.77,30.77,62.5,34,14,13,3
2013,Wichita St,76,Gonzaga,70,50,50,66.67,30,16,15,8,35.59,34.78,68.97,39,13,13,8
2013,Arizona,74,Harvard,51,55.1,60,68.75,39,13,12,4,27.59,27.78,73.68,33,12,8,7
2013,Marquette,74,Butler,72,42.59,41.67,85.19,35,9,15,9,42.86,45.83,68.42,33,13,15,7
2013,Oregon,74,St Louis,57,52.83,72.73,62.5,38,18,18,10,37.74,14.29,63.64,27,11,12,10
2013,Duke,73,Albany NY,61,58.7,36.36,71.43,28,17,11,9,36.54,60,87.5,26,14,13,7
2013,NC A&T,73,Liberty,72,51.92,44.44,57.89,33,10,8,6,42.59,43.48,88.89,30,15,10,4
2013,Ohio St,73,Arizona,70,42.31,53.85,84.62,32,9,8,4,44.23,33.33,90,30,7,11,6
2013,Wichita St,73,Pittsburgh,55,38.78,10,80.49,37,11,11,10,35.19,5.88,80,32,8,15,5
2013,Louisville,72,Wichita St,68,44.9,36,65.52,33,10,9,8,40.74,30,75,36,13,11,5
2013,Wichita St,72,La Salle,58,44.78,41.67,77.78,47,12,8,4,35.71,38.89,68.75,29,8,9,5
2013,Duke,71,Michigan St,61,40.82,38.89,92.31,29,8,8,3,40,25,75,33,6,11,6
2013,Marquette,71,Miami FL,61,54,50,73.68,36,14,11,3,34.92,30.77,75,31,12,8,3
2013,Michigan,71,S Dakota St,56,50.91,45,66.67,29,12,9,6,44.23,21.05,75,29,13,12,3
2013,Kansas,70,North Carolina,58,43.64,35.71,80.95,50,11,22,7,30.14,28.57,80,36,10,11,15
2013,Michigan St,70,Memphis,48,50,25,63.64,49,14,18,10,29.69,21.74,50,29,8,11,7
2013,San Diego St,70,Oklahoma,55,42.86,40,94.12,40,15,11,5,39.66,23.81,50,29,10,9,6
2013,Wichita St,70,Ohio St,66,37.29,40,78.26,40,9,12,8,31.15,20,79.31,37,7,9,5
2013,Butler,68,Bucknell,56,36.36,17.65,89.29,41,8,5,6,37.1,31.25,62.5,37,13,9,0
2013,Harvard,68,New Mexico,62,52.38,44.44,80,26,11,13,3,37.5,21.43,70.83,34,8,11,12
2013,James Madison,68,Long Island,55,46.43,34.78,66.67,39,17,11,3,35.59,18.75,71.43,35,11,11,7
2013,Oregon,68,Oklahoma St,55,38.98,36.36,66.67,44,12,18,8,40.38,29.41,53.33,32,12,14,8
2013,Creighton,67,Cincinnati,63,45.24,46.67,88,32,16,16,2,42.19,25,44.44,31,12,9,9
2013,St Mary's CA,67,MTSU,54,45.65,57.14,68,33,9,7,3,42.31,33.33,85.71,28,14,9,4
2013,Duke,66,Creighton,50,38.78,35,75,38,9,9,7,30.19,10.53,88.89,33,9,10,2
2013,Syracuse,66,California,60,39.13,40,63.41,37,7,15,10,39.29,19.05,63.16,34,14,17,6
2013,Michigan St,65,Valparaiso,54,44.83,40,63.64,49,16,17,6,35.19,28,64.29,23,10,7,12
2013,California,64,UNLV,61,44.07,45.45,43.75,41,18,11,7,32.2,30,65.38,42,11,12,3
2013,Gonzaga,64,Southern Univ,58,41.82,40,66.67,40,14,10,6,39.13,43.48,66.67,27,10,10,4
2013,Kansas,64,WKU,57,47.62,0,80,35,11,17,4,31.82,15,66.67,41,8,10,9
2013,St Louis,64,New Mexico St,44,46.3,36.36,71.43,33,17,10,10,27.87,12.5,61.54,42,10,16,9
2013,La Salle,63,Kansas St,61,42.86,38.89,87.5,30,12,8,4,42.11,30.77,52.94,36,12,9,6
2013,Miami FL,63,Illinois,59,40,36,66.67,35,12,6,4,37.7,25.93,85.71,38,7,8,2
2013,Florida,62,FL Gulf Coast,50,38.6,26.67,60.87,35,12,10,11,45.45,36.36,54.55,28,11,20,7
2013,Michigan,61,Syracuse,56,39.62,33.33,55,37,17,10,5,41.82,21.43,63.64,33,13,10,7
2013,Syracuse,61,Indiana,50,43.75,40,75,32,4,14,11,34.04,20,62.5,34,8,18,6
2013,Marquette,59,Davidson,58,34.48,26.67,78.95,41,5,9,5,41.3,35.29,63.64,29,12,11,2
2013,Indiana,58,Temple,52,42.22,30.77,80,32,9,12,0,33.87,12.5,87.5,35,8,10,5
2013,Illinois,57,Colorado,49,30.77,25.81,70.83,37,10,12,8,33.33,26.32,76.92,36,7,15,5
2013,Mississippi,57,Wisconsin,46,38.6,20,62.5,43,8,10,6,25.42,23.33,69.23,40,10,11,7
2013,Syracuse,55,Marquette,39,38,29.41,63.16,37,8,6,9,22.64,12,75,44,10,13,5
2013,Memphis,54,St Mary's CA,52,40.82,33.33,50,35,12,15,9,32.76,20,78.57,39,9,13,4
2014,Iowa St,93,NC Central,75,63.64,52.94,87.5,34,21,9,5,46.15,31.25,83.33,24,12,6,3
2014,Michigan St,93,Delaware,78,53.57,52.63,92,42,16,14,4,36.36,40,76.92,24,7,8,4
2014,Connecticut,89,St Joseph's PA,81,45.45,45.83,90,34,13,9,6,50,33.33,74.07,33,12,14,3
2014,Oregon,87,BYU,68,50,15.38,81.58,37,21,8,4,32.79,26.32,76.67,32,14,9,4
2014,Texas,87,Arizona St,85,53.45,41.67,74.07,30,17,9,6,48.21,53.33,69.7,32,17,10,2
2014,Tennessee,86,Massachusetts,67,53.57,14.29,77.42,37,16,12,8,42.42,27.27,72.73,33,12,13,8
2014,Baylor,85,Creighton,55,63.83,61.11,66.67,32,19,8,2,40,20.83,66.67,22,11,8,4
2014,Gonzaga,85,Oklahoma St,77,50,50,63.41,37,13,15,5,40,20,59.46,40,13,12,10
2014,Iowa St,85,North Carolina,83,43.94,46.15,71.43,37,16,14,6,47.14,40,60,38,10,12,8
2014,Wisconsin,85,Oregon,77,48.33,39.29,64,36,15,8,1,48.98,44.44,91.3,26,9,8,5
2014,Arizona,84,Gonzaga,61,49.23,38.89,72.22,28,24,6,15,40.74,37.5,84.62,39,13,21,3
2014,St Louis,83,NC State,80,48.44,50,46.15,41,16,9,7,46.67,44.44,54.05,43,10,12,7
2014,Tennessee,83,Mercer,63,49.09,27.27,88.46,41,15,7,2,45.28,36.36,77.78,19,11,6,3
2014,Dayton,82,Stanford,72,48.28,34.78,69.23,35,19,10,8,37.93,23.81,69.7,35,10,12,7
2014,Cal Poly SLO,81,TX Southern,69,56.86,40,77.27,28,15,10,4,48,30.77,77.27,27,12,13,3
2014,Connecticut,81,Iowa St,76,52,47.37,90.91,31,9,9,5,46.38,37.5,40,36,14,9,4
2014,Kansas,80,E Kentucky,69,60.38,0,66.67,43,17,14,2,38.6,38.71,81.25,19,14,7,8
2014,Michigan St,80,Harvard,73,49.12,33.33,77.27,34,17,11,9,41.51,35.29,76.67,32,8,11,4
2014,N Dakota St,80,Oklahoma,75,52.94,42.86,90.91,38,12,15,5,34.72,40,72.22,37,14,10,5
2014,Florida,79,UCLA,68,50,38.1,72.22,40,22,12,4,42.19,16.67,73.33,30,12,8,8
2014,Michigan,79,Texas,65,44.44,50,80.95,30,16,4,5,37.1,36.36,93.75,41,14,9,3
2014,North Carolina,79,Providence,77,46.48,26.67,69.23,40,15,9,7,52.83,25,80.95,26,12,10,4
2014,Kentucky,78,Wichita St,76,54,44.44,72.73,32,11,11,6,55.1,47.62,66.67,23,14,9,6
2014,Mercer,78,Duke,71,55.56,38.46,82.14,27,16,8,3,35.48,40.54,92.31,35,15,12,6
2014,Tennessee,78,Iowa,65,44.44,23.81,83.33,37,13,8,2,41.38,25,86.67,30,14,6,2
2014,Virginia,78,Memphis,60,55.56,45.45,81.25,40,13,10,3,40.68,23.08,42.86,28,16,6,7
2014,Connecticut,77,Villanova,65,44.23,45,78.57,36,10,11,11,35.29,35.48,75,30,10,16,6
2014,Pittsburgh,77,Colorado,48,50.82,28.57,91.67,33,18,3,12,35.71,25,77.78,29,5,17,2
2014,SF Austin,77,VA Commonwealth,75,52.94,37.5,73.91,35,16,17,6,46.15,38.1,63.64,29,13,11,11
2014,Syracuse,77,W Michigan,53,49.12,41.18,82.35,41,16,12,8,34.69,22.22,75,25,12,13,4
2014,UCLA,77,SF Austin,60,54.72,28.57,65.22,30,22,3,3,35.09,25.93,81.25,36,11,8,1
2014,Creighton,76,ULL,66,51.85,39.13,52.38,36,18,6,0,37.88,25,70.59,36,8,4,3
2014,UCLA,76,Tulsa,59,46.03,31.25,86.67,36,17,10,11,36.84,36.84,71.43,33,14,16,2
2014,Kentucky,75,Michigan,72,53.45,63.64,54.55,35,8,11,2,47.37,38.89,78.57,24,11,7,4
2014,Wisconsin,75,American Univ,35,50,43.48,92.86,31,13,7,9,29.73,26.67,60,24,8,17,5
2014,Baylor,74,Nebraska,60,40.48,15.38,79.17,37,9,12,7,42.59,19.05,62.5,25,7,11,9
2014,Kentucky,74,Wisconsin,73,50,40,66.67,32,9,4,4,46,40,95,27,11,8,4
2014,Kentucky,74,Louisville,69,43.64,28.57,81.48,37,8,12,5,49.06,26.67,56.52,29,11,10,6
2014,NC State,74,Xavier,59,54.72,28.57,75,29,16,9,4,41.82,14.29,68.75,31,7,13,3
2014,Michigan,73,Tennessee,71,55.1,55,80,26,14,13,5,52.63,27.27,57.14,28,11,7,7
2014,San Diego St,73,New Mexico St,69,38.98,35.29,77.78,40,9,11,8,40,31.25,60,41,13,13,4
2014,Villanova,73,WI Milwaukee,53,45.16,17.39,81.25,46,13,11,8,28.57,25,73.33,37,13,12,4
2014,Albany NY,71,Mt St Mary's,64,57.45,22.22,78.95,42,12,14,3,36.67,32.43,66.67,23,13,4,3
2014,Louisville,71,Manhattan,64,36.36,30.77,77.14,42,10,12,11,45.1,60,71.43,31,11,15,8
2014,Memphis,71,G Washington,66,49.09,27.27,68.75,36,19,12,8,44.64,16.67,58.33,33,8,10,9
2014,Arizona,70,San Diego St,64,47.92,41.67,76,29,14,7,2,38.89,28.57,78.26,37,4,10,2
2014,Virginia,70,Coastal Car,59,52.5,47.06,80,28,16,7,4,42,47.37,57.14,28,13,8,5
2014,Wisconsin,69,Baylor,52,50.98,37.5,55,39,18,10,1,31.58,13.33,77.78,33,10,6,5
2014,Arizona,68,Weber St,59,55.32,50,56.25,31,15,12,4,30.19,41.18,86.96,32,7,10,8
2014,Florida,67,Albany NY,55,51.02,25,77.78,30,11,10,7,39.22,30.77,78.57,27,10,10,4
2014,Louisville,66,St Louis,51,44.9,35.29,66.67,37,14,19,9,39.62,0,56.25,30,10,18,9
2014,Wichita St,64,Cal Poly SLO,37,46,31.58,57.14,46,17,12,4,20.69,17.86,44.44,34,5,6,7
2014,Wisconsin,64,Arizona,63,39.34,35.29,83.33,38,11,8,3,38.98,41.67,70.59,39,8,7,2
2014,Connecticut,63,Florida,53,55.81,41.67,76.92,28,12,13,6,38.78,10,70,27,3,11,3
2014,San Diego St,63,N Dakota St,44,43.18,43.75,75,38,8,6,4,31.91,18.18,70.59,27,5,6,1
2014,Florida,62,Dayton,52,37.5,33.33,75,37,10,7,5,39.58,44.44,75,26,11,9,5
2014,Florida,61,Pittsburgh,45,43.1,25,66.67,38,9,6,10,37.25,23.53,50,31,14,11,4
2014,Harvard,61,Cincinnati,57,43.18,35.29,60.71,33,9,12,4,36.84,33.33,68.75,34,5,11,6
2014,Michigan St,61,Virginia,59,44.68,35.71,77.78,32,13,10,5,35.09,33.33,76.47,35,10,6,5
2014,Connecticut,60,Kentucky,54,41.51,31.58,100,34,8,10,9,39.13,31.25,54.17,33,11,13,6
2014,Connecticut,60,Michigan St,54,34.69,22.73,95.45,30,8,8,7,39.13,37.93,87.5,32,13,16,5
2014,Dayton,60,Ohio St,59,44.9,23.08,76.47,28,12,13,10,48,25,66.67,28,12,14,10
2014,Stanford,60,Kansas,57,44.68,0,69.23,37,6,16,10,32.76,31.25,77.78,35,7,14,9
2014,Stanford,58,New Mexico,53,38.78,53.33,70.59,35,10,10,6,36.54,19.05,57.89,37,12,10,2
2014,Michigan,57,Wofford,40,47.83,41.18,66.67,31,15,11,8,33.96,5.26,75,26,10,9,3
2014,Kentucky,56,Kansas St,49,38,26.67,66.67,40,8,15,4,35.85,23.81,50,28,8,10,7
2014,Dayton,55,Syracuse,53,41.3,43.75,55.56,35,12,14,7,38.89,0,78.57,31,4,9,6
2015,Mississippi,94,BYU,90,45,30.43,65.22,43,24,7,7,48.28,51.72,70.37,39,22,15,0
2015,Arizona,93,TX Southern,72,60.38,45.45,88.89,35,13,12,8,47.06,41.67,63.33,19,5,9,5
2015,Villanova,93,Lafayette,52,63.16,50,66.67,33,22,8,8,38.18,22.22,85.71,25,15,15,2
2015,UCLA,92,UAB,75,60.34,55.56,68,41,17,13,4,43.94,46.15,50,26,17,8,5
2015,Gonzaga,87,Iowa,68,61.54,62.5,61.9,34,20,11,4,46.67,33.33,70,22,10,11,4
2015,North Carolina,87,Arkansas,78,45,40,78.38,42,14,16,13,36.92,32,81.48,39,17,21,9
2015,Gonzaga,86,N Dakota St,76,51.72,31.82,67.86,35,16,9,5,53.7,47.62,66.67,24,5,13,3
2015,Wisconsin,86,Coastal Car,72,54.1,40.74,75,36,14,9,5,48.28,58.33,81.82,25,9,6,8
2015,Duke,85,Robert Morris,56,62.96,47.62,50,40,28,11,7,36.36,31.58,50,28,13,8,6
2015,Wisconsin,85,Arizona,78,55.56,66.67,74.19,21,11,9,5,55.81,33.33,93.33,22,8,10,5
2015,Georgetown,84,E Washington,74,52.08,47.83,71.88,36,10,14,5,40.62,32.14,86.67,28,6,9,3
2015,Iowa,83,Davidson,52,50.72,37.5,70,46,12,5,3,33.33,21.43,40,30,13,6,1
2015,Duke,81,Michigan St,61,52,20,72.97,36,10,8,9,40,35,62.5,33,10,14,4
2015,Notre Dame,81,Wichita St,70,55.56,47.37,80,32,18,11,4,40,16.67,78.95,36,9,7,6
2015,Robert Morris,81,North Florida,77,45.16,25,63.64,31,11,5,12,48.08,40.91,69.23,42,15,19,1
2015,Wichita St,81,Indiana,76,40.98,15.38,85.29,39,9,7,9,40.68,50,85,37,10,13,3
2015,Kentucky,79,Hampton,56,45.9,30,71.43,51,15,13,7,28.81,25,78.26,31,2,11,9
2015,Oregon,79,Oklahoma St,73,54.72,36.84,77.78,28,11,12,9,45,34.48,69.23,31,11,12,8
2015,Virginia,79,Belmont,67,45.61,35.29,84,35,11,7,5,47.37,32,83.33,29,12,12,4
2015,Wisconsin,79,North Carolina,72,46.43,33.33,86.96,35,13,5,3,46.43,61.54,66.67,28,12,4,3
2015,Kentucky,78,West Virginia,39,48,26.67,81.25,44,13,10,7,24.07,13.33,57.89,32,7,13,4
2015,Wichita St,78,Kansas,65,49.02,50,75,32,13,12,10,35.09,28.57,82.61,38,8,14,8
2015,Michigan St,76,Louisville,70,43.33,39.13,75,41,20,12,5,35.94,36.36,68.97,41,10,9,6
2015,San Diego St,76,St John's,64,47.17,40.91,56.67,40,12,13,5,45.76,17.65,63.64,32,6,10,7
2015,Xavier,76,Mississippi,57,46.43,43.48,66.67,38,17,10,6,32.88,22.22,60,38,16,8,7
2015,Kansas,75,New Mexico St,56,54,69.23,80,36,16,14,7,35.71,33.33,68.75,29,8,11,10
2015,Louisville,75,NC State,65,50,25,66.67,34,15,5,5,38.33,45,71.43,36,10,7,3
2015,Ohio St,75,VA Commonwealth,72,49.12,40,59.09,32,16,11,5,38.1,38.46,73.68,37,14,11,4
2015,Utah,75,Georgetown,64,57.89,57.14,71.88,25,12,9,3,43.64,36,77.78,27,9,9,6
2015,Xavier,75,Georgia St,67,67.65,53.85,88,23,13,14,3,56.52,42.86,69.23,12,17,8,8
2015,Gonzaga,74,UCLA,62,40.3,15.79,73.91,50,15,5,5,38.81,23.08,63.64,39,12,7,4
2015,Hampton,74,Manhattan,64,49.06,42.86,55.88,37,20,14,6,37.1,24,57.14,41,15,17,5
2015,Arizona,73,Ohio St,58,36.51,36.84,83.33,43,14,8,9,38.46,29.41,86.67,26,9,12,4
2015,Oklahoma,72,Dayton,66,44.9,50,79.17,35,13,15,9,43.14,52.38,84.62,23,12,13,8
2015,Wisconsin,72,Oregon,65,43.14,30.43,72.41,32,11,6,3,44.07,42.11,71.43,34,13,8,3
2015,NC State,71,Villanova,68,45.28,27.27,74.07,45,11,10,2,31.15,32.14,91.3,32,7,5,5
2015,Northern Iowa,71,Wyoming,54,46,50,88.89,29,10,7,9,45.65,40.91,33.33,22,14,12,2
2015,Wisconsin,71,Kentucky,64,47.92,41.18,81.82,34,10,10,1,48.15,60,90,22,7,6,5
2015,Michigan St,70,Georgia,63,45.61,38.89,57.89,35,18,9,8,33.33,28.57,80.77,43,8,12,4
2015,Notre Dame,69,Northeastern,65,57.45,33.33,72.22,17,19,7,9,49.09,27.27,80,33,15,16,2
2015,Oklahoma,69,Albany NY,60,43.86,29.17,75,40,10,9,5,37.7,32,60,34,15,7,6
2015,West Virginia,69,Maryland,59,40,36.84,73.68,32,11,10,15,47.73,42.11,69.23,32,7,23,4
2015,Arizona,68,Xavier,60,40.74,31.82,89.47,33,10,8,9,43.14,17.65,81.25,31,9,12,7
2015,Duke,68,Wisconsin,63,47.06,36.36,80,33,7,5,4,40.98,33.33,60,35,13,5,3
2015,Duke,68,San Diego St,49,54.55,42.86,100,33,16,9,7,32.76,15.38,81.82,33,5,11,6
2015,Kentucky,68,Notre Dame,66,53.19,50,70,29,8,11,4,46.43,28.57,76.92,28,16,7,5
2015,West Virginia,68,Buffalo,62,44.9,31.25,70.37,31,11,12,7,45.45,37.5,64,30,12,17,4
2015,North Carolina,67,Harvard,65,55.1,71.43,61.54,35,14,17,2,38.18,38.46,90,26,9,7,9
2015,Notre Dame,67,Butler,64,43.14,30,77.27,40,9,13,4,33.33,30.77,85.71,36,8,7,8
2015,Cincinnati,66,Purdue,65,40.98,40,57.14,38,9,9,8,36.11,15.38,60,51,13,12,5
2015,Dayton,66,Providence,53,42.86,34.78,73.33,32,9,12,8,33.9,38.46,42.86,39,9,16,4
2015,Duke,66,Gonzaga,52,37.5,42.11,84.21,31,10,3,8,44,20,66.67,35,8,13,1
2015,Louisville,66,Northern Iowa,53,45.83,45.45,80.95,30,11,7,2,39.13,31.58,84.62,25,9,10,2
2015,NC State,66,LSU,65,42.42,20.83,71.43,39,11,11,2,40,33.33,54.55,41,14,8,5
2015,Maryland,65,Valparaiso,62,47.5,42.86,75,34,9,11,5,35.71,44.44,55.56,31,12,9,5
2015,Kentucky,64,Cincinnati,51,37.04,26.67,71.43,38,10,7,7,31.75,14.29,64.29,45,5,14,4
2015,Duke,63,Utah,57,44.44,33.33,76.92,31,5,14,6,35,25,73.33,36,8,15,8
2015,Michigan St,62,Oklahoma,58,38.6,33.33,56.25,36,9,5,1,36.36,23.53,87.5,38,7,7,2
2015,Michigan St,60,Virginia,54,42.5,50,60.61,32,7,6,4,29.82,11.76,69.23,39,6,5,2
2015,UAB,60,Iowa St,59,34.78,16.67,81.82,52,9,13,7,36.92,26.09,71.43,37,12,11,9
2015,UCLA,60,SMU,59,42.55,50,71.43,34,10,18,4,36.36,43.75,60,33,12,9,11
2015,Georgia St,57,Baylor,56,40.74,31.25,61.54,22,12,6,13,44.19,36.84,84.62,40,14,21,2
2015,Louisville,57,UC Irvine,55,41.82,33.33,100,25,9,9,4,46.15,35.71,100,29,10,14,5
2015,Utah,57,SF Austin,50,47.37,38.46,76.19,26,11,17,7,33.33,19.23,84.62,29,9,12,7
2015,Arkansas,56,Wofford,53,45.83,37.5,56.25,35,13,10,4,31.58,29.17,62.5,37,7,8,5
2015,Butler,56,Texas,48,33.33,30.77,71.43,28,11,5,5,34,31.58,66.67,41,7,15,4
2015,Dayton,56,Boise St,55,47.62,33.33,64.29,25,13,11,4,40,30,50,33,10,9,5
